wallet,num_liquidations,days_since_last_liq,liq_same_coin_repeat,sizing_change_after_liq_%,current_open_positions,current_avg_leverage,current_max_leverage,win_timing_checked,win_timing_pct_favorable,win_timing_avg_move_%
0xa87a233e8a7d8951ff790a2e39738086cb5f71b7,13,280.3,11,95.4,1,1.0,1.0,0,,
0xc7290b4b308431a985fa9e3e8a335c2f7650517c,0,1,10.0,10.0,0,,
0xd47587702a91731dc1089b5db0932cf820151a91,3,16.8,2,3243.8,3,8.3,10.0,0,,
0xb5b3f3caf9d778b1293e5cd29f32e84b04c67a08,0,3,23.3,40.0,0,,
0x1bbfb3a33600338d5a948618189649a4588d5fc4,0,1,2.0,2.0,0,,
0xa9b95f2a2e7ef219021efc5c04c32761b8553bbd,0,1,10.0,10.0,0,,
0x9c16bc8f1104e4d2f72267eb981fa12de7cc4a6f,0,3,28.3,40.0,0,,
0x0cacfc8c96b84bc5698fcdcb5ffd536b4a246170,10,73.9,8,-25.3,1,20.0,20.0,0,,
0xac7bbfed474127e8683320421264d403fd2155f9,0,1,20.0,20.0,0,,
0xdbd1bac81ad581c7198c9d155ca468f32a0c29dd,7,0.0,6,-60.8,5,5.8,10.0,0,,
0xda744273f80b22412417f7cfe0503f3d721f987d,4,2.9,3,19.7,2,11.5,20.0,0,,
0x767a1e1f1796b9c8def2f1e8ed08a7596e930ace,0,1,40.0,40.0,0,,
0x0514f2f3e0277c47117e3f33d9390efb0acfbdfe,0,3,18.3,25.0,0,,
0x4f12b217aa59e6d3e1f91ca2dc96f9543576618b,0,1,3.0,3.0,0,,
0x218a65e21eddeece7a9df38c6bbdd89f692b7da2,0,2,9.0,10.0,0,,
0x51f3a19c1dfd8d7fe670e43ce0f66648789c8b34,18,0.0,17,1.4,1,8.0,8.0,0,,
0x95e2687b07f0dec34462fdab6bbebcc0b3ab49c6,2,237.0,0,-49.8,3,20.0,20.0,0,,
0xde5b8c8e713f7c29ec72c22a326d61e5ac76e402,1,295.9,0,-28.2,2,20.0,20.0,0,,
0x45d26f28196d226497130c4bac709d808fed4029
0xfbc9638938262f15cc1b3a751a54d538559da361,0,0,0,,
0x944b5f7d8eece040aae1895c7fed03202aedf123,1,263.0,0,-16.5,3,28.3,40.0,0,,
0xd831409a48d8b21d59245c12b1540a0820446203,1,589.3,0,-37.5,1,20.0,20.0,0,,
0x2a934d40944e2b686ee9cdce74a3f67d32cd0347,10,14.2,8,-25.5,1,40.0,40.0,0,,
0x7e23ead98212f5476768cf51b5dd76da34a35a5a,0,3,6.7,10.0,0,,
0x41f9ae0b64a0ec4adc788ee5c82d4b824f839017,0,0,0,,
0x5aa13316231716ea438eb243feabc296a9094b2b,0,1,10.0,10.0,0,,
0x807ddb66768050ee457165ad6d21cc1275a896ac,10,95.6,8,-75.7,3,6.7,10.0,0,,
0x2bee414493be72c747edf347d42b198494fb0ba9,3,314.7,0,-23.6,1,8.0,8.0,0,,
0xdfe5195e7cc1a2eca9b0df09d4646472a8c4a402,0,1,20.0,20.0,0,,
0xfce053a5e461683454bf37ad66d20344c0e3f4c0,0,2,20.0,20.0,0,,
0xd74916aecd93ca55deb392dfad4c3ae43951ea49,3,18.8,2,6.1,1,10.0,10.0,0,,
0xbbf7fbc7fa97a88c83c1b8a825692f84ef9d4b13,8,0.4,4,-45.3,3,6.0,10.0,0,,
0x96a7923964dbfc5010079619e8af33ce240f79df,0,2,15.0,20.0,0,,
0xf899937184168b1d9dee75acbaa3fef0f52888db,0,3,20.0,20.0,0,,
0x349bd094209d50280dfaca12779576c748395c15,9,68.9,4,-25.1,9,12.0,40.0,0,,
0xccf135ab352d561a15eb7be2a243cc4fcb7f0ab1
0x45a5aea03e5a6dbc6f46a708562250c83afc4fc4,4,249.5,1,0.4,1,5.0,5.0,0,,
0x718cc7ee2ae2493ebf7d454316df6b61f4e1a868,0,1,2.0,2.0,0,,
0x8e9c5b74a5c0eda6942a632cc7ba93fcaa66a0c0,7,18.1,6,223.0,0,0,,
0x71038a3e5fd46ba4ca5edc81339a4d1e9e493104,3,0.4,1,-67.7,2,6.5,10.0,0,,
0x3f1647d33707830e088e9cb6aa791017a1dfdf84,0,1,20.0,20.0,0,,
0x0980b34ade9476dba81bcdb0f865a333793ad1c2,9,34.1,4,-72.3,13,11.6,20.0,0,,
0x9c89f595f5515609ad61f6fda94beff85ae6600e,0,2,12.5,20.0,0,,
0x3e470a0bf8460c3a8320327cf5db7deed3a3aaf6,0,4,13.8,20.0,0,,
0x7345985dd7e2c521a0ba97929aea93614627d58e,0,1,10.0,10.0,0,,
0x56654885ad39155235336c0ff01b3337693c3882,0,3,13.3,20.0,0,,
0xac26cf5f3c46b5e102048c65b977d2551b72a9c7,17,17.2,15,-50.7,38,8.4,40.0,0,,
0x0701363ed0a7809b2b8ca7e22aaccea4a670216c,0,2,2.5,3.0,0,,
0x7ee6b077b59f4417bc36d41bb65365644315db10,0,0,0,,
0x19f5c3bc2e0978d9a1da389d7d4cfe33cd770fe9,0,1,3.0,3.0,0,,
0x73ce82fb75868af2a687e9889fcf058dd1cf8ce9,14,12.1,13,-37.8,2,5.0,5.0,0,,
0x3b3d9656b93d21729e15e0bc3566dd4fd1e5b464,16,115.9,11,62.9,0,0,,
0x744a26a3e5a56efb7d95119752a63183c236bbd0,4,78.5,2,1,5.0,5.0,0,,
0x2175ce7c56baa22874eeb021c1270e6198059cda,1,333.3,0,-59.7,5,5.8,10.0,0,,
0xb7658d7c63b6c1fc7254fe9402a95d044db70dbc,0,0,0,,
0xf68ca4b0a449f86e16f41cb687198d0ebbfb9843,3,211.6,2,25.5,4,4.0,5.0,0,,
0x1b2ad1743bb86b3af79ddcece14ffbdd11a3f7a6,0,1,10.0,10.0,0,,
0x054a01da80ee37d5220af5471b1eedbdcd2cdb2f,0,0,0,,
0x3e8734ec146c981e3ed1f6b582d447dde701d90c,1,319.2,0,12.0,1,3.0,3.0,0,,
0x7576b7a1d278e3004dd37bbeb90e0b08ca70a1b9,0,1,5.0,5.0,0,,
0x5740affc8faf8913f9f2d5fbb9bdc6e8119ea9da,0,11,5.7,10.0,0,,
0xf09c63a2b47d7b383ecc517a295727312384eaed,9,144.6,8,39.9,1,5.0,5.0,0,,
0x8e096995c3e4a3f0bc5b3ea1cba94de2aa4d70c9,0,3,14.3,20.0,0,,
0x09969138013fdfae9438fbd705515f047f8a0ba6,1,24.4,0,37.3,1,3.0,3.0,0,,
0xf00bb08f7d1d04a9415408c939c02410fc6791b1,15,89.0,14,-22.9,1,20.0,20.0,0,,
0x962bdd83c3943fe08b62101fd9f9a8b923a0b475,0,2,4.0,5.0,0,,
0x5cb20485ede692b76ad1f12ee70d089437b99de8,4,78.3,2,57.2,2,4.0,4.0,0,,
0x2eb4e287f1cf4801ca3768104fc6253c626b3401,0,3,4.0,10.0,0,,
0xa559edb06548fb5d9b2066ec43320e5f9726ff95,19,99.8,17,511.8,2,15.0,20.0,0,,
0x972b0f9cde1266e860e546ac92e783741769400f,1,328.3,0,4.2,6,13.3,20.0,0,,
0x541e077ac38c56d7bf590924d249c60b0c80071d,0,18,8.1,40.0,0,,
0x6a02aedceac5a6813d960e4dae1910d9c458e77c,0,1,5.0,5.0,0,,
0x08bed3f9ae9b3db6bf9b5de117e0309e028e7aa4,1,4.7,0,-45.7,1,10.0,10.0,0,,
0x0a6b80da9b30809120c947b40d08ae18ca667e3e,0,1,5.0,5.0,0,,
0xb18c3cad5ed500326c43d07a46a148f10c54802e,0,1,5.0,5.0,0,,
0x30530d8c6f6aa5416609992bbe08aac518d8525a
0x6a4dd599c4a1bc177df8f96ee7b60672eb22e9e7,0,2,15.0,20.0,0,,
0x60b081bd8ee2b0e5a2b8f17503322cf7ee7a991e,0,2,10.0,10.0,0,,
0xa5fd942d4badbab4fe84a9e10f565dd40d5f15ff,18,0.4,11,157.6,35,7.1,40.0,0,,
0xec48794d7ad819a633471858f1ceafee1d7d1121,6,270.5,4,532.2,0,0,,
0xba0898f80da916730912bb2c2a18b8d76bc8985c,11,335.0,10,36.8,1,3.0,3.0,0,,
0x68cd0d2bf68e54ea2d3feb090ff6683a99a0eec2,18,228.5,16,24.7,1,10.0,10.0,0,,
0x14f5dd7ca3e4ef4aba7431ad10d9dacaf14fd103,0,4,17.5,20.0,0,,
0x324563717b20e19e71c5440aff6c9762ccfc08cc,0,2,20.0,20.0,0,,
0xfc5270b50bd619afa6ef487bb7e3e580bfefee77,0,1,20.0,20.0,0,,
0xd576d1feee6bc976d849ac0918f79d9db7c97906,0,2,3.5,5.0,0,,
0xf47237079aeec748370d5ac827747f490e8f5d8b,0,2,5.0,5.0,0,,
0x24246bb3cf79ebd26ab10194ec3694203ad3c891,1,317.8,0,8.5,3,11.7,20.0,0,,
0x61bf199fabf0d2ec9dc98b9bcf8084aca32bc0de,0,15,11.3,40.0,0,,
0x88696c4985f64ea1ebfb9e46c1b47197f7a244ab,0,1,3.0,3.0,0,,
0x188b264aa1456b869c3a92eeed32117ebb835f47,1,5.0,0,8.8,0,0,,
0xf1e2783541c3edbe783c6b89e7cfd493c7894af5,1,18.0,0,-90.5,3,8.3,10.0,0,,
0xbbe9e1588a359337c3235de3b808da991cfc2efe,15,7.2,11,38.2,5,18.0,40.0,0,,
0x4bc52d0ab83ed62c91c9a89fc3304e12422a54fb,0,1,10.0,10.0,0,,
0xa99c9e5484e5b26635c07876d0859a1819ff40d5,0,2,3.5,4.0,0,,
0xa906355beaf1d69a5fe73ce55899c49c6e67916c,3,7.4,2,-67.0,2,2.5,3.0,0,,
0xec9045405a878d01cdb836f82a6dd2abd49a169c,0,1,10.0,10.0,0,,
0x3aee6da9161e0a2a8985413ceaa5a3562225e8e8,14,32.1,12,-29.0,3,3.0,3.0,0,,
0x05df8c46c75a06ee097c0a90f9fbe8a11a4eba39,0,1,20.0,20.0,0,,
0x649156ebf0a350deb18a1e4835873defd4dc5349
0x37b81ab9e3ab04b9e3738e4891621205aaa31fd5,0,0,0,,
0x54fc13e72548503e13eea8b4cfdb4524be39d7d2,0,2,17.5,25.0,0,,
0x18478dfe4e5103a9213db5c4eab9b4a17abbff84,0,1,10.0,10.0,0,,
0xf2fe51f77c1beb2e226db19eaaa2c2c2ce02ccfa,0,1,20.0,20.0,0,,
0xbcfbbf38789d63721e800f1f8595af816e52c417,6,103.0,5,61.4,1,5.0,5.0,0,,
0x3de9a354243a94e10060a198c7179b8e5393b9a1,11,16.3,6,66.0,4,5.0,5.0,0,,
0xdc7be236c4b1ee77d16758451a198275ec9839b6,9,237.6,7,6.4,2,10.0,10.0,0,,
0xccaeb98ce9ca54f76bf0029cf9f12c894e253dd6,3,116.9,2,-48.1,2,15.0,20.0,0,,
0x8fbb98ad84e848a54d39c6fcb875be919bbbd714,0,0,0,,
0x34c6d41c5f78f7ccdf1b05ef7cb7c868ac5a6b0c,7,90.4,6,24.7,1,1.0,1.0,0,,
0xde87db9becc56de225a24b9fcb135b21e5b09c1b,5,0.0,2,-81.2,1,5.0,5.0,0,,
0xc28e23e7d7d6cc0c9c6f08146c71e7d168cae45a,13,288.7,10,12.0,4,17.5,20.0,0,,
0x49a648936441b22f28f069d3c088928682b277ae,0,1,3.0,3.0,0,,
0x230963164d9637a4c536270a06b4e3636d44a2d9,9,97.3,8,5,12.0,20.0,0,,
0x00964646dd306de6419db1e43b8c4d3378a7a264,0,0,0,,
0xd7583e3cf08bbcab66f1242195227bbf9f865fda,0,1,20.0,20.0,0,,
0xce508465b243216fcf372d3146fd62e8f7a7b8e2,0,2,15.0,20.0,0,,
0x984f6a8aa8584dde8f1fa9b240b09f4df3ac25e5,10,13.5,8,-55.9,1,20.0,20.0,0,,
0x9836e286fbf4f71998827d4bd6ea3b470c26457e
0xcd3e688ebeffca8b4b7eb979e88afd2b65210ec0,0,0,0,,
0xbe10fd36393c8b677281d0bc2cf1bb8c98ad4b34,1,14.2,0,218.5,3,11.7,25.0,0,,
0x404ca2035b37bf2e83505134ebcf8d03babb5f03,0,18,10.6,40.0,0,,
0x9803e982c4eb6d9b9e416966814e7f9fa4363bce,0,3,5.0,5.0,0,,
0x575087ab0899e40cf3a042a2c38a29d4f9643586,0,1,10.0,10.0,0,,
0x20ab4ac21a97479239fc4eb62480b2b066bf13cd,0,3,8.3,10.0,0,,
0x825714bae8bd60162bb14a04bb2183d00b3d00c9,0,1,10.0,10.0,0,,
0x1f6662c5b8780dcb813a7f08761760bca1fb0400,0,1,5.0,5.0,0,,
0x78dc6d769bd7dc3333b3f0acff06d2340562cb61,0,1,5.0,5.0,0,,
0x481b24686744c8bf1fd8c993aad47902075cf951,0,1,1.0,1.0,0,,
0x2cb4e67e31356178400c8226e675bdb2bec73ff9,6,11.2,3,-69.7,7,2.3,3.0,0,,
0x565a65432ca44a999eb7217815d58594a559ccb2,2,40.9,1,-42.3,2,5.0,5.0,0,,
0xf1245033de5669c24b7915256afb598ac3245bf1,10,86.2,9,-42.7,4,13.8,20.0,0,,
0x3a94ec43996178f7013988358f58baf18a4cc707,1,14.3,0,-60.6,0,0,,
0xf4939e64793fc85b68ec4ddb1697b01db3977134,14,14.7,11,-74.1,1,5.0,5.0,0,,
0xaa53412d2249fe47c5d2790ab5728b3c564dd265,16,14.4,13,-38.4,2,15.0,20.0,0,,
0x9e1186d05b9fffb9f05e024ddfd716fda70422a3
0x5371c4517b448006941ae335e5cafd54af573c11,9,62.4,7,13.7,3,6.7,10.0,0,,
0x76e6b13da4958fa108f0bdd15e7601a676ad845e,0,1,20.0,20.0,0,,
0x72dae3560e7f4c59a305e2e739d6bd6777f738b5
0x829a71fdc8191cc31d1412826bc49f13d414d0ba,3,8.7,2,22.3,2,15.0,20.0,0,,
0x43753b1ae949c13ecc02529adee1c2658ab6f43c
0x120d47f23f857cf766d0d48e96d0509e7dce0dba,2,2.0,1,-31.8,0,0,,
0xf36f6c7e3021377a7df6843504e15bfd19384b9f,1,32.1,0,215.0,2,10.0,10.0,0,,
0x2e3d94f0562703b25c83308a05046ddaf9a8dd14,2,0.0,0,112.2,0,0,,
0x848aa08a594a14664685e7bbb3a00e38faba4f2f,7,35.0,6,83.6,0,0,,
0xb847748c6119d1d91a6613d549d041242cbd1c24,8,18.2,5,151.2,2,25.0,40.0,0,,
0xb1938cc3babe6cb8812c85a337829425e30de935,7,4.1,6,68.0,2,2.0,3.0,0,,
0x6d7823cd5c3d9dcd63e6a8021b475e0c7c94b291,5,6.6,3,55.3,1,5.0,5.0,0,,
0x392b3aa013bca178ae7f466e12a879044cec0d92,11,305.8,8,-46.1,6,8.3,20.0,0,,
0xb5101614ad71468a041a83e64d8b834aa17a1ed6,18,50.4,17,43.5,2,15.0,20.0,0,,
0x6acf5dc82237396e07d7e802bff984d8662360a1,0,1,40.0,40.0,0,,
0x38042d713af713f0275b00640a83654db91ea543,0,0,0,,
0xe676708ea7611c93ee106b1d7a2c6f721fc10c18,0,2,7.5,10.0,0,,
0x01b5dfdd91c2103bfb3c37cb64d32561895c47cc,6,83.1,4,-42.5,5,9.0,10.0,0,,
0xbf5a73e783866d34db7d76f07fda07daf22488ba,0,4,7.5,10.0,0,,
0xa4247526997374fdab0bad6f63c9f3daca8f22d4,15,76.9,14,122.2,1,10.0,10.0,0,,
0x3a23b10845e911b6944d9dc2f1f480fca3af35d6,0,4,7.5,10.0,0,,
0xa46dc63da3c041e96d8c619ab2aa41da0b84d066,0,6,2.2,3.0,0,,
0x4f24303e0af2e4a94abcd516a3c80d38262bde6a,0,2,22.5,40.0,0,,
0xebc48f428603f3da50c010fcec10126a08c2c931,1,96.2,0,-29.6,1,2.0,2.0,0,,
0xe17cf192fee50447687af1f689782d4abba8cbb1,0,4,8.2,10.0,0,,
0x1f887fd93c17a970819895978da55628d7658609
0x5661a070eb13c7c55ac3210b2447d4bea426cbf5,0,1,20.0,20.0,0,,
0x7048b287889c5913d59f812795d7fd5d724be77a,0,0,0,,
0xebcda26432c1e2a46898d9920759438f86c8fcf4,1,36.7,0,97.9,3,28.3,40.0,0,,
0x2462812f20b6e704fa0ac16c6e189103f267bb8f,15,9.8,13,-29.4,2,15.0,20.0,0,,
0xb2152c5b6a4667d2e26abd0fc843ef920e758289,1,0.0,0,2334.0,1,10.0,10.0,0,,
0xc0fd44f7f62a45b2ca447c4d8b4b51ccc8d93d95,0,1,4.0,4.0,0,,
0x7c45b26c41c29330d042003cb312e73a3912024f,0,3,5.0,5.0,0,,
0xf208b13968cf79db8ed788907e70c288a3169c0b,1,0.1,0,-58.8,1,10.0,10.0,0,,
0x2259a3e04f2107f1cd135cccc87f8635418357d8,4,0.0,1,6,5.3,10.0,0,,
0xfb751fa655f5e7cb9e4a474cf616e1439600bec2,1,0.0,0,1,2.0,2.0,0,,
0xcf74dc50069e3ee0fddc10bd64e9a68d21126cfe,5,194.5,3,105.1,6,13.3,20.0,0,,
0xe8fad35e6f85b5c5e4875fff2f595735498c279e,0,1,2.0,2.0,0,,
0x78303ed98b6b4a55b9f499ba03682f23fa2d46ea,6,17.7,4,36.7,1,3.0,3.0,0,,
0xeb7f3e17a7c525a90010a9c7d99b85006e0c0c01,0,1,2.0,2.0,0,,
0x3777a3a68702652c3d6bcf87d5db8925c3bdb813,3,4.5,2,-34.0,1,2.0,2.0,0,,
0xcfb464585241eab3ecb392011648a8e829b951ed
0x7f47bf4025bd2178741058a10cd829e406ef4d0c
0x536c475f536ddc4999038600293d1a0e94cf3e1f,0,5,13.0,20.0,0,,
0x6bf7adc30d071f426193a56dad0947176fac84ba,0,1,10.0,10.0,0,,
0xc280a88680bac90db5a3fd20a0aa7437134a2a83,14,1.2,10,-6.5,2,15.0,20.0,0,,
0xb48616b68d0a8c86482be79cdfdcddc023d06c3e
0xd005cd3497b15a6b5b9465b812409ef9447815c2,3,4.9,2,177.4,1,6.0,6.0,0,,
0xc190a756f7542671412a39441c47809bb1837b83,0,1,5.0,5.0,0,,
0x337afda118de433f5a8c8ad6d6ef48b76d027a06,46,0.0,43,1,40.0,40.0,0,,
0xdf4b79c5cebf5be025f9a0658a38a5440689c147,1,7.1,0,-66.1,3,4.7,5.0,0,,
0xdd7a372377fc633f74ab6e20963803d52f448830,0,4,13.8,25.0,0,,
0x0c81c89f14f19e4963a0b468f4f0038a67a01585,15,40.1,11,-5.3,2,11.5,20.0,0,,
0xa8760cb7e4bc07af8560a2115f6e1b0874ccd243,0,1,20.0,20.0,0,,
0x5838f52ef2302de914d58154aa837f3910ae8ba5,5,17.4,4,-46.4,0,0,,
0xb159e1697e5031811d788e4a2ac1a9b38d688202,0,2,12.0,20.0,0,,
0xe98c1b647a1c9ea3ca029c3170d49b6854634245,2,0.6,1,42.2,4,7.2,10.0,0,,
0x2bfb05f4843c471a2be37924272ed2a5582bda24,6,77.0,3,1,11.0,11.0,0,,
0x896bb9a0881d7d611419e9f9f9f54731cc85c530,0,1,2.0,2.0,0,,
0x4372812cde0110f75a110f8fed7f3a77d34dddc0,0,1,10.0,10.0,0,,
0x6ad04649246c78a43d16597ccab67c5e3f785af1,11,5.9,7,-20.1,1,10.0,10.0,0,,
0x7f1e97d8eb3ddb8659cb59d611becc438f89b7a2,0,4,4.8,8.0,0,,
0x3e6805e8694bb2b717a828c1bfa32df5d6580cc9,12,71.0,8,59.5,0,0,,
0x367b98f500b7db1da1c9b1e7c2338f830823c097,1,576.7,0,-16.4,3,3.7,5.0,0,,
0x05c47beed53eb8b3fc14538f881d0941cbbe05a1,10,17.5,4,-37.8,3,23.3,40.0,0,,
0xc45fbcf2cb0abb15a8c2aa1b19e0f3f2ebd82772,1,327.7,0,223.9,1,5.0,5.0,0,,
0x420ab45e0bd8863569a5efbb9c05d91f40624641
0xc0ef9b0ebfa5770d6ed554da6f2ee3fc69472359,0,2,21.0,40.0,0,,
0x17f0361771a9042d816cd007c731be15f05b094f,0,1,3.0,3.0,0,,
0x68a82030ee49af0dd0d1880da1aa18e0e97f003c
0x5a29ad4553f8d1a7058ba7d6bd97cda39cfcc492,0,1,2.0,2.0,0,,
0x05b51f53f09155478af947f0b6bfca30f2fc3aaa,3,109.1,2,51.7,1,40.0,40.0,0,,
0x8d134fe41651db874e73cc019a0f572294b0d55d,0,7,9.3,10.0,0,,
0xf48111d547f8de8f37fd68bc8b971a5a57019825,0,1,1.0,1.0,0,,
0x736850ee773ac6170fcaeda596514269b863ee56,14,1.0,12,-39.3,1,5.0,5.0,0,,
0xd9271f589a561f18dba9e9b544c3f314538ee204,0,1,2.0,2.0,0,,
0xf9077a163e94bfd5a7266b6dd3a39c030e0d89f3,11,104.8,9,488.8,2,1.0,1.0,0,,
0x18cd4597e06b7fe0a8cd33dda499121b3a145a8b,2,17.2,1,30.3,1,10.0,10.0,0,,
0xd2289c33caae77a138ccfdeb1a1bcbd867d2f0d8,0,2,10.0,10.0,0,,
0x3b5b104bf6091addbc24b1a2110c21514cf5ccf1,0,1,3.0,3.0,0,,
0x14246f4bbafb87ccebac17609054c6a188ed8cfd,0,1,5.0,5.0,0,,
0x149d35ed0e25ec4b760c28055f744fdd02af1764,15,143.9,14,40.8,1,10.0,10.0,0,,
0x613ead0ea5af374af0ccfc117ef116a8e8d133fe,0,1,10.0,10.0,0,,
0x5986347c1d0133d02d307f08bb1efd44c2eb89d9,0,4,14.5,25.0,0,,
0x3b9f494944dc03da0571aeabb1c62fe741bfd305,0,1,2.0,2.0,0,,
0x5c3f126c107ee8c914e6a5b3d21f40d4f83937f4,0,1,9.0,9.0,0,,
0x62ff69d604e63403b8373b382d17d4ef94bca8ce,4,83.3,2,-56.8,5,4.4,6.0,0,,
0x764cf4bc017d4849c80663644914b7190e523c7a,4,13.3,3,-62.7,0,0,,
0x986b0d2a068fea9d821cf575f3f24f0724441dc3
0xb69eec8fea0081343c3b09e652ba1fa7dcf7033a
0xbba19064c75a5405a34c09f91472608c5ead58fb
0xafaca2cae451403775504d63c57b400615e621cb,2,66.9,1,8.8,2,3.0,3.0,0,,
0x9387f3db7ea81fd43d09d4e98b3dbc1ebb706481,0,1,3.0,3.0,0,,
0xf55de9a5159e18a5e960c4ea7eaab3ccabc5b0fd,18,113.9,15,-44.8,1,10.0,10.0,0,,
0xd73f1b8569c05c73caec43e252ab9c4d32a41646,0,4,15.8,40.0,0,,
0x298d7a88e29241465086967fc5265fe5c875b175,0,1,20.0,20.0,0,,
0xc01edbb96640442257227f481e30f78eab45ff90,4,14.2,3,30.2,1,3.0,3.0,0,,
0x7f75db96ccc27922b50d6e102938814a67fa9edf,0,6,15.0,20.0,0,,
0x11f46fff2624737aa0d38507e761b6ef770eb94d,0,4,6.5,10.0,0,,
0x168198986b9caff2fa64a25288be2640ae6d5528,0,2,10.0,10.0,0,,
0x9d20242ff668718af2cfaa578f831538a3c3087a,0,4,13.8,20.0,0,,
0xe1ee9e80e9cf310aef6669e8a200de68fa16258e,3,14.7,1,359.9,1,40.0,40.0,0,,
0x5df2fed8188902f86f2074b70fd36ed3a39a1256,0,1,10.0,10.0,0,,
0x8cae4c475672eb3646f4e2962decfd33bf8f022a,0,2,15.0,20.0,0,,
0x5e56ef6d97424b606175366cc735cd26ac1d1086,0,1,40.0,40.0,0,,
0x41afe606916fb2dd59f42c70b35a66c7648c4c16,0,0,0,,
0x2b0beda149be62676aa8133fc36ea0af8f85e32d,4,168.0,2,-53.2,0,0,,
0xfb2b387c95e1b1f25901cf3f72efdfcd9053082d,0,5,2.2,3.0,0,,
0x0c684f333a7e120bce61383da670bbb0157e82d0,9,15.1,6,89.7,8,11.9,20.0,0,,
0x558afca8d68f6a7335837b06ce218a234978225b,1,17.1,0,-2.4,6,11.8,25.0,0,,
0xa70e4fa4ebb07466d547f79c8b4f6bee7ffaaf60,7,64.5,5,-37.2,2,7.5,10.0,0,,
0x6bea81d7a0c5939a5ce5552e125ab57216cc597f,0,3,20.0,20.0,0,,
0x0354525be351ba3c1cef0a0d596da0ad4dc4741a,0,4,8.8,20.0,0,,
0x3c363e96d22c056d748f199fb728fc80d70e461a,0,2,10.0,10.0,0,,
0x8a46222bbc36aa5413b1a9e9d93b44fd0f9ab9c7,4,32.2,3,-29.2,2,4.5,5.0,0,,
0x69b05701f8175c276ecd0138387a197948e240bb,9,1.2,7,742.8,0,0,,
0x7731afffa008a8c6fe8b5219e229a9a389a5799e,1,0.1,0,-82.6,3,13.3,20.0,0,,
0xc2d3a0c560b91a363c6954cba05cc1ac0e9c91e1,0,2,10.0,10.0,0,,
0x1739d028fcad09b6c697f83b645734e55ed732c0,5,22.3,4,21.4,2,2.5,3.0,0,,
0x9751cec58be43e0e27d57ba49ac3d68ec269a97e,0,3,3.3,5.0,0,,
0xa5339253c51c6f4d5ff950d63427fe256e84ba55,0,1,1.0,1.0,0,,
0x45f717946a3fb49054ebebecbb1ab8ce9325f166,2,14.4,1,76.2,1,1.0,1.0,0,,
0xb34519875ef21a74a3a5025b40b96288d1717f20,0,1,10.0,10.0,0,,
0xb27bbaadcdfeab937069b4d966ee6bf5a32c999b,1,65.7,0,1.4,7,9.0,10.0,0,,
0x7688b399c3237d098be4688d222d586ab5236451,0,4,19.5,40.0,0,,
0xaa74b212021b411527787ea9d79002f6e71dda57,8,203.3,6,-14.5,2,7.5,10.0,0,,
0x7ff59a95c9e0b908adfc374139008ecb9a1d126b,7,34.2,3,-78.8,1,10.0,10.0,0,,
0x29754d7a9f9f344327158e2d01508efa415bd558,11,77.2,8,-83.2,5,5.6,10.0,0,,
0x68c151a40b08c6d059d8eddfc0c57e18325c9e38,0,2,4.0,5.0,0,,
0x76c2cd1b8a249f465f8445c455cb78e0eed36f1e,0,13,11.5,20.0,0,,
0xa29189b25b2fa8674653fa71429f584bedff5067,3,95.5,1,1033.4,2,15.0,25.0,0,,
0x1e5cf44f64a66dae56104ed91bf15f6147200ac1,6,7.8,5,-52.3,0,0,,
0xb556575e8c28bab34d1dae7735b78111ec46936d,1,95.7,0,6.4,3,9.3,15.0,0,,
0x1b1d2f7eae1ddab1db68efe680c3907f4081b4a2
0x3e252899d87a354e8bfa4bd8b62325549b5714da
0x7927f49a74a5ea0f7d94414c92ce66c6a3be271b,0,1,40.0,40.0,0,,
0x7b8529dfd37b7483faae2bfd3051a52b32e9a23b,0,5,18.0,20.0,0,,
0x36dc8d4188c57008b7ddbc21662ef28a88a9c684,1,12.2,0,21.6,11,8.1,20.0,0,,
0x616d43c28a376d835d336383fd9423090651dbd6,3,333.2,2,143.0,3,18.3,20.0,0,,
0x060fac5a580d218c7cf820c4ff5cfb57c51c1dd8,1,11.7,0,8.8,5,13.0,20.0,0,,
0x000000209e0a892842bc06c354e7d097392cbbbb,13,88.9,11,-11.4,24,6.0,10.0,0,,
0x95465e180697879cdd127b210c4830a16e3f96e4,0,2,32.5,40.0,0,,
0x68f80ecef342044f84891641e81b50b5f580b6ad,3,15.3,2,-17.6,0,0,,
0xa7f152a5f79bb5483c079610203d8fc03fd77c8e,0,1,5.0,5.0,0,,
0xf905049d614ddd21e4745417b3f05eb05e52c4fb,5,6.1,4,-11.9,2,6.5,10.0,0,,
0x92e9b91aa2171694d740e7066f787739ca1af9de,0,1,5.0,5.0,0,,
0xd93db9fc95c19c1eaab854281890e9e77b18ae3f,0,4,17.5,20.0,0,,
0x112819b32d30680790d9caac04b656dd52da21a1,0,3,15.0,22.0,0,,
0xae332e9d33af93c0ee8362f61a8a5aa378bfd508,0,1,1.0,1.0,0,,
0x54a7240cea67b8c41b7c7f2b485360f37331aef4,2,46.1,1,30.7,3,23.3,40.0,0,,
0xbf755b1fe8a422f8dd4405ea48e450d4797b2fdb,0,3,5.3,10.0,0,,
0xc26cbb6483229e0d0f9a1cab675271eda535b8f4,1,14.3,0,-29.3,3,1.3,2.0,0,,
0x88a0641c1fbff74b99d460c440369f44dd432af9,4,10.8,2,113.4,1,1.0,1.0,0,,
0xc9e839a529d1a3a46e2b48d20c461d4afecb72e4,8,19.6,7,64.2,0,0,,
0xe0f6dacd86734ea6faa476565ed923daac521064,0,1,3.0,3.0,0,,
0x0ca4109c94438dde8d7386da27180f414de80fa8,2,3.9,1,69.2,7,8.3,20.0,0,,
0xfa661af2e7267369d2701ae447e5dbb08575f24e
0xe3c90b18dbd4cf0dae4b12aadc18665261dfd0b5,0,1,10.0,10.0,0,,
0xb75a08e82a1bf0fcceb89bbdaf9aae00be8ca29a,0,3,5.0,5.0,0,,
0x5d0bde4017530ed43370e332a5d30194941f73c6,1,0.8,0,114.8,2,7.5,10.0,0,,
0x5082cc46f2b5ec6a348e50737e7d79e1c899fe1b,5,292.5,4,63.9,1,20.0,20.0,0,,
0x145ab13c558d3eb56dad3921f8d6cb1935d28804,2,13.9,1,-13.5,1,3.0,3.0,0,,
0x863a8be1515f0e857d3bb96c988485988e79fd6f,7,4.8,6,-77.4,1,2.0,2.0,0,,
0xe690ebdb7616526bb5ad2a6544221fb0bb69d0f5,0,1,20.0,20.0,0,,
0xbba1e7473c815825fa3df4c43a80ee597e65c97a,0,2,9.5,15.0,0,,
0xf694943940b429293ba725368e75b3f49ac1b592,0,1,3.0,3.0,0,,
0xb66be8cd74f16ca257120ddca3380f04960284d4,0,1,10.0,10.0,0,,
0x175bd0e31ea1d99270521e9bf578a0c155b2c824,2,4.7,1,-3.2,2,3.5,4.0,0,,
0x26fe122cc2322fbef86a68d19218500fb3e7b7e5,11,52.6,7,-19.2,4,17.5,20.0,0,,
0x64dd467d1e5c2cf2be87fea20713159dbc12ca76,15,81.8,14,-75.6,2,7.5,10.0,0,,
0x7c26dd0072273c7a1e0e3ce234eb47d33f71d4a6,0,1,10.0,10.0,0,,
0x4d2a44b0bad99a50d7b1630d5d34ce2f67a65603,0,1,10.0,10.0,0,,
0x0d65ca083b13adf71a3ef307ae8afd1632ff50cb,0,5,13.0,20.0,0,,
0xcfbbd8ac14fe4c0b9098bc2a9515b004b7429c6d,1,5.0,0,-62.7,4,20.0,40.0,0,,
0x252ee867e398cc20ee12a39fd1983bda75c6be00,0,8,7.2,12.0,0,,
0x84a73d875b79332b278f1785628d1a2381580be4,0,2,7.5,10.0,0,,
0x6a1d0b8985346210a1f6bd7d0c31b2567f1fe7ef,9,10.1,6,0,0,,
0xcb34e4bd8c63064d94f5d752ceaf9355aa070b1c,0,0,0,,
0xdee7297778b8755343e96e0b99eecf549195b856
0x1e12e0b14751f2b72156ecda18cc18a977e6fa10,5,11.4,2,124.4,2,7.5,10.0,0,,
0xa4e33be0b96c1ec4031f2db53dcd5660621ce3ec,0,2,7.5,10.0,0,,
0x115231b1c0ad58f97944f8e69ef0dbb35f1cd055,4,19.9,3,51.9,1,20.0,20.0,0,,
0xf429570cb006576f045027d4109f4fd29f2d469a,0,1,20.0,20.0,0,,
0xa19ed0ae46e89461e56063f1ed268a0dc225745f,19,36.9,17,227.4,2,10.5,11.0,0,,
0x588f53fe31b0202c18c478676753cc54a96fe3b2,0,11,2.7,5.0,0,,
0x9538a7e2c495ccc288ef48b5df0d6cc6a45378cd,0,1,2.0,2.0,0,,
0x3044d636c3c2366e0695369db21859f903f86030,0,1,10.0,10.0,0,,
0xc4005d03f605a5d0d2fc9afa4cf057d7c3ca9922,0,4,8.8,12.0,0,,
0x3364f3e9f19436983c9a65a54f81c54a6af2a6f4,0,4,4.0,5.0,0,,
0x74c8b2b012b161c3f2b52ebb2b142944c79b86af,7,13.5,3,16.7,0,0,,
0xa68eb8520766ca5eae81e547128d5cc3fa909a1e,4,311.0,1,139.7,4,9.5,20.0,0,,
0x919dcfb433da0a88eda20bb7dfa83897b97cc1c8,0,1,40.0,40.0,0,,
0x0ffd670749d4179558b6b367e30e72ce2efea28f,6,20.7,5,90.1,6,10.2,20.0,0,,
0x3a02d3a9e01ece8dfe1241d1e03f7c0a4bfe78da,10,0.0,8,-38.4,3,2.3,3.0,0,,
0xb4413bdefd1b82a75ed002d378f52b74d3fa908a
0x538ded4d0d461206ae8e0c021d5179d3a31d2b12,0,1,25.0,25.0,0,,
0x9b0fcd35fc49521e1531ffe26a8132a3e010db40,0,2,15.0,20.0,0,,
0xbabe4a0dc9412f73aa0e4bc4a076428dfc27e69b,7,551.8,4,-66.0,1,1.0,1.0,0,,
0xea36343b2ea3920a4567624cca66a1fdc15d7ab5,0,2,2.5,3.0,0,,
0x99c44ea6a7f432e4d6847ebadbde1fc22c8e22b3
0xa3099587930a877e75ff4084c7b22505b72c2eca,0,15,11.0,40.0,0,,
0x457b767c5ee8e037248180541a6940078eae442b,12,6.9,11,25.0,2,22.5,35.0,0,,
0x92d479fe3ce423e06f2c2e12b8171436d8b09b49,0,1,2.0,2.0,0,,
0xe96acc74e7042090c87b84cc2dd66251a794c936,0,5,13.0,20.0,0,,
0x2d23559bab0bbcb483056e77c9b2837438215cc2,13,6.5,12,25.1,12,14.2,40.0,0,,
0x47cfef07ee1a6216924b5d2a203b8d64fabafc36,9,59.8,4,-97.5,0,0,,
0xe70786609d684ad71e5156cdc40279e79413ed88,3,314.1,0,71.5,2,20.0,20.0,0,,
0x0e1cdcd958d002d98528c973f1397b7784abce6d,0,2,10.5,15.0,0,,
0x0a847e73a0618e330d54e26a0789425604e76ddd,0,1,25.0,25.0,0,,
0x3a7f29e8d0e3f8131670c3849ae37860512b62df,5,19.6,4,46.9,2,19.5,34.0,0,,
0x91219d5fc4540bce994036217ade77945da5d6f6,14,40.0,9,33.4,6,5.8,10.0,0,,
0x95bfa1c0b133bb39364bd0f9feb8390cfb6a8af5,13,128.0,10,-47.8,3,25.0,30.0,0,,
0xe9ea27c882a4bfcfae6a45fba9725a8f6941bd97,2,54.0,1,1,10.0,10.0,0,,
0x68f33dd18add8ad4830d78ae66faa98d58f2310e,2,34.4,1,37.0,3,13.3,25.0,0,,
0xefa8b98e6ee6234b2955281f273a97424c77e2f3,8,35.5,7,-5.0,9,12.3,40.0,0,,
0xf7619dfb29b83bf5118fd0107c676156cd5e5605,2,36.0,1,12.2,2,5.0,5.0,0,,
0xe10e446e1d3b483635681b77da44b02c57d6905c,7,0.6,6,-16.4,1,11.0,11.0,0,,
0x0682f4ee106d167ca46ed015918e83f6f4e5b571,0,3,8.3,10.0,0,,
0xbe3f79ae0ab3294aaa3230c1155e912c05b6a55b
0x2490aa2b48022e857d44e738911787c8e2296aed
0x41829013ce94b21131b68d5a7b0247bd4eefce96,18,6.7,16,-31.8,0,0,,
0x25dacd8a27eac9ad6eba5eb88e3b68f707eb1397,0,1,40.0,40.0,0,,
0x4f5fe8da30c1c11fe537730940ced62ac37ea371,13,85.8,11,-43.6,1,2.0,2.0,0,,
0x2a4d9f5d63bcd42c737431e0b49d2e01c49caae4,3,8.6,2,-66.4,3,6.7,10.0,0,,
0x96f0bee3ad9b71b0ae67de7bd4f6ce8f342dd6bf,16,95.4,13,-26.3,3,18.3,40.0,0,,
0xaab4dfe6d735c4ac46217216fe883a39fbfe8284,8,77.6,6,541.7,0,0,,
0x5e3b1ec048e728750f5d02478b159fc507055fc2,4,6.1,2,0.9,3,18.3,20.0,0,,
0xaede390f5b5b7cf77428030ccfc73d99a44e1602,16,5.0,13,28.4,1,10.0,10.0,0,,
0xfc722d0de76547188bf2b562c2c3f9fd9035f30e,0,4,3.8,4.0,0,,
0x66d47066ed2db09e06a21f1e4e03c8384c5af245,4,7.5,2,-60.1,5,7.6,10.0,0,,
0xeaf35054804ab7ed6b8cb070296dd6bb38abb4b1,12,5.6,11,22.5,1,40.0,40.0,0,,
0xaddec4320b64fcedbe87c0a12830029dcf6040a4,2,237.7,1,-20.3,1,6.0,6.0,0,,
0x960b6c2c4b1498681b8422eb572a8b3a6aa3f0fc,12,26.4,11,-17.9,2,23.0,40.0,0,,
0x7ef5df4d6a5192fc05285dd9e8d7cfd38d8b8a57,0,1,10.0,10.0,0,,
0x1b1996300dc7d3fabc039a55963fc886c3d3c9df,4,5.4,2,-49.8,1,3.0,3.0,0,,
0x398ae849039250711f27fab48a3cf7c7816368aa,8,3.9,4,-46.3,5,4.2,5.0,0,,
0xcdaafe6824ad3527192f29690f21c641ac310309
0x5c90517b85ae5a59a49072b0ce09e7af4b2b44ce,0,0,0,,
0xc56891f98eecb32926abb8d627f57c99e6536ecd,0,0,0,,
0x8f38f27b9a71698a9ddf3a7ce342f94128810c91,0,1,10.0,10.0,0,,
0x4926e8a30e82f0e34f723dc4c1394f9c668d21db,0,0,0,,
0x2b02efbf4fa4585ae3cc9d81913770e9b12484db,0,2,4.0,5.0,0,,
0x2f206d74d7cfcc6a9f556825034eb110a572ad62,0,1,5.0,5.0,0,,
0xf71ab4e4172730ed096b832f37982942935c7215,0,4,5.0,10.0,0,,
0xfaa779cc3d28caa7a65ea57e172c19c2e60bb8d5,0,3,11.3,21.0,0,,
0xdfb36a4362ca5a3acfebd2ba7d54c9e1d4c69016,8,333.0,5,-56.5,7,7.9,20.0,0,,
0x7e5198aecb7285e6c4419620685c3950816e780f,14,11.4,7,11.5,7,9.1,20.0,0,,
0x58859421ccc4f9f2b4aa6c404c0a2000fd520c7d,1,24.5,0,3.5,1,10.0,10.0,0,,
0xacfa853566d3d5039c9aa209ba264f8c71a56a3c,1,192.0,0,-55.0,1,5.0,5.0,0,,
0xf2f79c84483b18f23404c2936977e1d86ce5e177,0,2,7.5,10.0,0,,
0xbc2291b0e580e6d4af441f05893859192677ac2c,1,89.0,0,-49.0,7,3.6,5.0,0,,
0x09d70eac3bbebf727218b81b7f6384249826ab24,0,1,3.0,3.0,0,,
0xfe1458943ffd3608e789685f4839199f629c1d87,1,11.7,0,-12.9,5,13.0,20.0,0,,
0x294d5b1abeb63866921cc64ce96b0eb4f81cb94e,0,4,13.8,20.0,0,,
0x6a435e3fd842b76b266208ccbf96febf143d39ed,0,2,2.0,3.0,0,,
0x3d8baa5575986226a68c7559dd89b47b3d993ea3,4,113.6,3,20.5,5,17.6,40.0,0,,
0x45e80d5968cec14c7cda7b3fb2c43afbe5dcba91,6,11.0,5,-3.3,1,3.0,3.0,0,,
0xab699b1bb3fe0eb9884213ab91d86f06fb33499d,2,283.8,0,40.5,7,13.7,40.0,0,,
0x352deb23bebae8b4c57d0ae341d9c1951fd8425a
0x1df40c451d7be4784710ef92d7791c6883425c97
0x685856363e25dbe2be2115e8a112acb732044994
0x8b08061b16a74adba15d96ab611945b9a0dce0ed,1,13.8,0,127.6,2,6.0,7.0,0,,
0x7ef6b5416f4d2aec53422abaf251619e65176a3a,8,0.1,4,4817.9,2,6.5,10.0,0,,
0x6d091dbd3f95603f9769077b7809d95ed52894df,0,1,10.0,10.0,0,,
0xbf8cb1550f15fc893aa5bd232168fd1ef98038dd,3,75.4,2,32.4,1,2.0,2.0,0,,
0x800b6e6e7b84b492c1e4dbcf517e6f682fe4ac2e,16,39.8,12,7.2,0,0,,
0xaa2a33c424b92cdc042e40c522cb48e586e83026,2,5.9,1,-44.3,1,5.0,5.0,0,,
0x0c87080e84ad8e91f54c4af0aa921e1f183d601b,7,39.0,2,18.3,4,12.8,40.0,0,,
0x65d0ab18172c32e37cd7f39d1ad3f9c5de8bdfb0,0,1,3.0,3.0,0,,
0x2d760d867ebebd7da5b0be18fed71b4bcc9610eb,3,8.9,2,39.1,1,10.0,10.0,0,,
0xc3ff20a75d873e2e9f1bfaca6617b68669645c31,0,2,10.0,10.0,0,,
0x7625dc67deab1864570ad816f59a9b867f280e49,0,7,12.0,40.0,0,,
0xdab9dc17e9d39b6da3d24fd2e167ce71275880a0,1,18.9,0,-27.6,1,5.0,5.0,0,,
0xfb996bd6467d1575d338967415dc0ee72c6037f3,0,1,3.0,3.0,0,,
0x844dc38bfa4882eec8c5b85dceb08fc66a7a4fbe,2,1.6,1,1273.8,1,3.0,3.0,0,,
0x1af68b9a13200553d4c48e0c8da9c376ecccc454,0,1,10.0,10.0,0,,
0x3decc95d6900854954dd5292f93b82c166f8d350,0,3,4.7,5.0,0,,
0x51d551bfffe7cb20d9ad7cf0df119a674573e113
0x004593cdface692ccbc2733b775f624ed0ad703b,1,267.2,0,277.9,1,3.0,3.0,0,,
0xc2e859a2f436687d6c93174a343d6c0092acbf85,0,1,5.0,5.0,0,,
0x7ac0db5dfa7d1dc7d1901b9ad50e8bb1813b140e,5,570.7,4,313.2,1,3.0,3.0,0,,
0xa057b68f410b19b9050755f366db7718aed30ae9,13,117.8,12,2.3,1,5.0,5.0,0,,
0x9d9585a2be251ad98b4072985796eb7ec5d465db,0,3,16.7,20.0,0,,
0x8fc7c0442e582bca195978c5a4fdec2e7c5bb0f7,0,1,40.0,40.0,0,,
0x6ab2c3c63f9162a8da2b99117efad9f417c2a312,0,5,13.0,20.0,0,,
0x2bffd70b9b7246967357228688ba28c75f482bc5,4,62.7,3,631.4,4,3.8,5.0,0,,
0x4112bc45e9778ff56009326e7602274b7a56f3a6,0,4,19.8,39.0,0,,
0x19e51939ea0528b6bf563097160c5f04504f3923,14,5.2,12,-37.9,1,10.0,10.0,0,,
0x3029229037544ec191883aa6721c5be6a5956cce,7,16.4,5,31.0,3,8.7,10.0,0,,
0xed7c40e138cb25e79d94295882c66ac8197fb66e,7,28.3,6,52.8,1,2.0,2.0,0,,
0x31d6b5a70e8ef418311d7cd2c28c7e1c15e84f90,18,38.5,14,-80.2,22,3.0,10.0,0,,
0x6cc021e2f5e8f12d65c860df5c63f152c4e763e1,3,16.9,1,0.5,5,5.8,10.0,0,,
0x8dc44ec285114429a7e65eb2e3fdbde945351d5f,0,6,8.0,10.0,0,,
0x1671ae55c676cc50f3f7ae87fc3d037eac59c670,19,0.6,14,39.3,1,3.0,3.0,0,,
0x553f458951c0cf43875a378568c8c7ab93ae091e,3,18.8,2,-24.4,2,18.5,27.0,0,,
0x03253d6409fb0288323b1daa153dd72e8e7af51d
0xf3fa31640208309b1b90c32b8248f67defcd33ad,0,6,2.3,3.0,0,,
0xa8616487ec2605c79c3ad3a3e6bcbe9d059bc774,11,14.3,10,45.4,0,0,,
0xda830d2d83a57cea255bcfd0cf89c3e94abde0fd,1,95.1,0,-17.6,1,10.0,10.0,0,,
0x1095734e174ed0fa5ddb96c537504ad94e2125c3,1,37.1,0,203.4,4,4.0,5.0,0,,
0x8524d618cdebdd5a066f1ba38e0c44a7122d2d8e,16,128.7,11,783.5,1,5.0,5.0,0,,
0x40dc0fa2553e8a97e56f39d595b2753eacfe91f1,8,26.5,4,-57.7,7,9.1,20.0,0,,
0xe225f9491871a4135a8dc351664165dec17f474f,2,19.5,0,-5.8,3,4.0,6.0,0,,
0xf73ac696087d35ed95eeec8ce966eb12b1efc035,1,11.7,0,22.6,4,13.8,20.0,0,,
0x0be2995eb2d28207400b0f94a9ff5610688d4d76,0,0,0,,
0x215d41b79d0aa6a8cf5f25377a88b612746af80a,0,1,10.0,10.0,0,,
0xa685e0303482ece79b16dc5c1a52bd9dae623dfa,0,8,6.5,10.0,0,,
0xd6ad52a0e7f34d801c9ac35db134d92e9d656b7e,4,82.7,2,-62.8,2,5.0,5.0,0,,
0x8a3cf3c4b300be69429cce5beb2ef14d7200b6b7,0,3,8.3,10.0,0,,
0x4bc47521e689565207a8c9d1bbf206a8ec2aa5c2,0,0,0,,
0x46bf821d678ef32f406f0522ebb8f44f678430b5,3,39.6,1,-60.0,0,0,,
0xed5da2209015f365f4b213d0168b90ce5c9145ec,16,14.5,14,179.5,6,13.5,30.0,0,,
0x442773ff6c1133777375cb10ea0e88d748ef7e6a,3,9.1,1,-45.1,2,7.5,10.0,0,,
0x06b0b7df4cbe61fa5344b07826dae297175c06ae,1,375.6,0,105.5,3,2.0,3.0,0,,
0x619082454027af259de17842a5cea618dc63489e,7,1.3,4,-83.5,8,13.8,40.0,0,,
0xa581bb0ac1a7ec393e76ccd45de2bfff6146e213
0x4fa931c594203579bee714eed85406a1f159e2ce
0x9b10029ce3a9748a489d6c4add1d71ca94004bff,0,1,5.0,5.0,0,,
0xebe6cc6820a76705b6654fdd1254256dcd54f1df,19,0.5,12,-68.1,2,6.5,10.0,0,,
0x1ac0e999eaee30457e483fbf2e375609488cf5b8,2,0.0,1,-22.7,1,5.0,5.0,0,,
0x7c36686e7acf3906932032b546c686d6bcc813fb,10,1.6,8,-49.4,6,6.5,10.0,0,,
0x2cbd5aa089200732023d0e992df7d2726e2f3d9a,0,1,6.0,6.0,0,,
0x4cb104e79a27275e4a6d1e5d39eecb68bbd78bcd,0,2,3.0,3.0,0,,
0x0b91df53289f693220ea06af8419116e45b0a4db,17,15.6,15,-49.5,3,8.3,10.0,0,,
0x26eb44ead3d693b321aac58fbb56bd392884ffc0,3,36.7,1,-40.1,1,5.0,5.0,0,,
0x45f54ca868ba81ccf309413f34014228d43a92e3,0,2,6.5,10.0,0,,
0x3e41a8fa0032d635f02201053f1a5aa2a6967c81,0,1,3.0,3.0,0,,
0x7fa02bda84034b71213871ef70627b4052d35a94,17,2.4,14,-53.2,4,8.8,20.0,0,,
0x9a88dd4eacc3aa561c4f50ec66bcede831bec813,0,13,8.8,20.0,0,,
0x1ebc9d59fca0c4df29c453af993aa8c7c89b09bf,14,9.7,9,-41.7,46,7.8,40.0,0,,
0x6bc5a7cca81964cc80b288dcc54ec4b204ba77d2,0,0,0,,
0x5ec5fd7ca49a528fea6ae77edab936fd8f048c2c,11,164.8,9,-79.9,3,2.0,3.0,0,,
0x0a28e5451456279f485c37e0765b542a93ce1646
0x4bdf1130109e9c1bc921d8979ea66284d9c92f37,3,14.3,1,10.0,6,14.7,40.0,0,,
0x6ee9fd015f9e3bb6bfc569e46fa54eecb6a908bc,8,52.7,3,-18.4,2,5.0,5.0,0,,
0x140a2f07ff1c2927b29a86c829a05faea8d53a4c,3,144.5,1,-60.8,4,7.5,10.0,0,,
0x20cf6f56ef057157ab8a48c82ed97258148c403c,0,1,4.0,4.0,0,,
0x53f8f390fd4f70941c5d160a964f6893c8dbceff
0xa7d3e88c80b5c89860a7291f083ead7cf21f6aac,0,0,0,,
0x8098f0c39b0fe0b94d1d2a97d18c2733f7519261,0,1,5.0,5.0,0,,
0xdd73867db0b7cf9e5b075a6f98bd260e2389a538,1,368.8,0,126.9,4,1.0,1.0,0,,
0x1e364b7ca000f5437446517a0b25f2282b3eeab2,2,0.5,1,-13.4,7,13.1,40.0,0,,
0x73423da170cee74f1bc18c5ac4cf8f58a11fe88c,0,1,5.0,5.0,0,,
0x69a31d37f231c1987c6f283ca508b4377a2369ff,2,17.0,1,-36.8,5,1.4,2.0,0,,
0x39be8fad61f5fa0cdfa2fc97c30a59833f58705d,0,19,6.6,10.0,0,,
0xa98eae419a4e15d90387aa8478d9fd92e6e36127,4,32.6,1,-57.3,1,3.0,3.0,0,,
0x8d8ecf5cc2a288419685d26b3202f317ced50765,0,0,0,,
0xdbccfc5108f33f6845a6d1db9c9794df884bfcc8,13,21.0,9,-34.0,7,6.3,10.0,0,,
0xf6ccd4da6e79455165b04bffb27dfc4f6428fc08,3,15.6,2,61.6,0,0,,
0x68a410113fab274d4e66685c1242e289ae76c01a,0,1,3.0,3.0,0,,
0x9e0653ff7b7f600dcf2cdcdbad15863fc5c7693b,0,1,5.0,5.0,0,,
0xd331c54ecc76f5081f6d9f45c764cfd89fd94d04,0,1,2.0,2.0,0,,
0x75d4bdbf6593ed463e9625694272a0ff9a6d346f,0,0,0,,
0xcf225f1b26a09f5ef86922d4c0f248df8f0bdb33,4,17.9,1,-60.1,2,7.0,7.0,0,,
0xf736381cd7d51e8584eb22571a8d1e267f1bec5a,4,12.7,2,172.3,0,0,,
0x2c13891b6d8fede1478e00567cea0004b931172a,17,82.8,15,522.7,2,22.5,25.0,0,,
0x1e7fa78a14ec6399e2678035974e4690c8caf226
0x55040d3de8b11560533e02179948c06ce99f5efa
0x1a6ea3a36087fef4d56ebc9e11bf1b0a3a6a7437,0,1,20.0,20.0,0,,
0xaf6f7a06f7bfb3bdf7bcd2c751564f4990d1efc7,1,0.4,0,-45.8,3,5.3,10.0,0,,
0x50776d6f50f1208769a5d37f47e82ec576fefc43,0,3,15.0,25.0,0,,
0x89b1db6f42c5403137fa8033446da8dbff7b5af6,1,8.2,0,-80.3,13,5.8,10.0,0,,
0x6311c7025ac2085cf1f4d3451987b38105971c07,0,3,6.7,10.0,0,,
0xc984e1f0c91bf40ce023c385a823d7fbd6a043ff,1,592.0,0,-61.6,8,7.9,10.0,0,,
0x114ed583edb30e48b9b962a5625610c46c462442,0,0,0,,
0x440b4a49248f25a9cf514ad8c1557cbf504ed5c4,1,9.2,0,-31.3,4,10.8,20.0,0,,
0xc4ad0654a57b5868e16885f7025afaf87f77fda4,0,1,18.0,18.0,0,,
0x2f1014bc427aa274cd6f80b4a767a8b4336bdf25,0,1,10.0,10.0,0,,
0x3376feb027dffa68c6f92ce6e35c0ff57cd18a05,0,2,25.0,40.0,0,,
0xf179326c91d7233ae833d668c5d44c6a7d472161,6,41.7,2,181.4,3,4.7,5.0,0,,
0x631648a072ef63216eda1e23395fd155ec35ed4f,0,4,2.5,3.0,0,,
0xa700b25805380f8e624b306eb1d6a1239de4b854,11,17.3,10,126.4,1,5.0,5.0,0,,
0x6fbf6a1a55dd4c3d439c0a209efc639ffb5d346d,3,11.7,2,-33.2,1,40.0,40.0,0,,
0x49b61303c97fd07c99f73a53486015e5d371c9a9,0,2,25.0,40.0,0,,
0x3dcf345bfadb9961305ed5ff535d31f313d52ad0,3,321.6,0,-50.3,2,10.0,10.0,0,,
0x96d51bfb2eb2c52265e9db1811b3ce65e3351127,0,4,7.0,10.0,0,,
0xe6df4ed7a6ccb8426cbc87bdcdd3cc6d0e6c0690,11,116.5,10,-29.1,1,10.0,10.0,0,,
0x3637b10a410284a4dd5e0b200a501f0896b3e889,1,333.0,0,-57.3,0,0,,
0xdab42181ef69fe32322e764a4f83b2c58f4a7f01
0x85df0debb5758a2f282a1aace604ea0cd6337665,9,27.8,8,11.5,1,10.0,10.0,0,,
0x30d8b47a25354d27e32b850c51f7f00a3ce76ffd,0,3,4.3,5.0,0,,
0x1271bf72a18549ee6d2ea3ab7e5dd4ae1c4eb05f,18,14.8,17,438.2,1,5.0,5.0,0,,
0x9e55b0e43b7f7f3909af841d326b2dadfda9392e
0xbc3f7ec10048be7ec5561757355fbf276bc51720,0,1,1.0,1.0,0,,
0x41b6ec4d1c98fc1aba6b6ab0fbbefc4e8a0730c6,1,98.6,0,-58.3,2,3.5,4.0,0,,
0x4f35a550b55fd299637359bc41c35263b2875d23,3,52.5,2,-3.2,10,2.2,3.0,0,,
0x119491f739ef71db5e724090d9d9da8b71fef5c5,4,42.2,1,-43.4,1,3.0,3.0,0,,
0xbe1e9f1119e583c9547258eb7c7553219cf80875,0,6,9.0,20.0,0,,
0xd6098d5b1381ea2bdff4466a346e73c41046c9f7,0,2,6.5,10.0,0,,
0x444f56a6761013c7039f930fd4fcdcf1cee776f8,1,14.0,0,-59.1,1,40.0,40.0,0,,
0x51104a792b2bb4cd366bf6e38e5119cbd7a5a40b,6,96.1,5,81.1,1,4.0,4.0,0,,
0xda38f3ca9fa2e0293c49f875f1db462383556e7e,7,197.6,4,92.3,1,12.0,12.0,0,,
0x739ccf4aa388ddade09316f7aee5ed0ec7ae5739,14,5.5,12,-60.3,1,10.0,10.0,0,,
0xf85a42a3f447f20ce982c63ade745b71b2d3a668,0,6,6.3,10.0,0,,
0xeaeac4b141e7678065172b180c5ed875cd264c69,0,2,12.5,20.0,0,,
0xc83e7c801edad94fcf412196251146505634cdf7,7,92.8,5,9.2,3,5.0,8.0,0,,
0xe3e5c5e3dce459f80abafbfdcb3d0788ad5b767c,1,241.6,0,-39.5,1,1.0,1.0,0,,
0xbb50dc9a02b307bbfabf50159a0ef63ec9df45b6,0,2,1.5,2.0,0,,
0x0f4fbea1aaecd66967af7ef02c7fa4693999834a,14,12.7,8,416.4,3,14.3,20.0,0,,
0x2a30ef9200130b338c66d2d18cf0f8a244bd3e9c,1,12.8,0,78.2,0,0,,
0x74d2a7ba7ec712a1e5e4f24a92351ea0e1cafca9
0x928ab19ccbe9aa3d3bd8577f5a49e8247aeda048,4,201.8,3,26.6,0,0,,
0x4ae21ba5dd5cdfcdb23d5a565738cf0e30fc99b6,0,3,4.3,5.0,0,,
0x623ef33fc8193dd8a946255d0c2316fbedf1ad57,0,2,4.0,5.0,0,,
0x80fb5880f38185661962e475ac1557817dc9faea,0,1,4.0,4.0,0,,
0xea1541b67de0364de56820085b7a3cc78952a7ef,0,16,7.9,20.0,0,,
0xead30b3c7b38b9efd5492f695f537c6b78920958,2,56.2,1,230.5,4,15.0,20.0,0,,
0x1a136792a33067b755cdef03ce77e5cdb702a5ae,0,1,5.0,5.0,0,,
0xbd34523189edc7a9e9c202a15e00afe18ba4bc7f,0,1,3.0,3.0,0,,
0xe2909e43d016a71785e51de11f37658bfaaf7c0f,6,17.8,3,199.8,0,0,,
0x8841a644d6022f50be94874e87f7e0c932981f6e,1,0.0,0,53.4,2,8.5,12.0,0,,
0x089ac530d67efe22579b0b5389a893208996d75f,14,117.9,11,34.3,2,15.0,15.0,0,,
0xafff4fb2df9b4c48d18eec104c0a822ba0e19fd8,0,1,4.0,4.0,0,,
0xe5f5b722870aaea382283082be716e2748e78b44,12,6.8,9,127.1,1,30.0,30.0,0,,
0xb59688d2512fda5263f3d90397b3ccb5ee941417,18,111.9,6,-56.2,21,3.5,5.0,0,,
0x7831bf711593590a789857d4ddba285e9defa610,11,3.1,7,-92.1,1,5.0,5.0,0,,
0xfce57f020c7f74412a3805896188552437674b5b,0,1,15.0,15.0,0,,
0x18ad221ee463e53ceea39979ed986401adb659c0,1,217.0,0,-58.2,1,2.0,2.0,0,,
0x69c6bbe83c42d426c3fed19ce4659f8911043105,0,31,3.5,10.0,0,,
0xf4b0a3791f2ea863177053a98b7c23554109df68
0xf4205eec027843444b12cdd85bf45155bb996566
0xad8d22ea412a460f916de710ac63b47a677c66c3,0,1,10.0,10.0,0,,
0x143c79e85d0665a2c76f1009632bf25c636895fa,0,0,0,,
0xad024bb246e80453ce568cbc8ff8d45af861eb65,2,126.2,1,9.2,1,5.0,5.0,0,,
0x2ca69ddf1b3a838c1d37c4a55a4ab3ce4247e315,0,1,3.0,3.0,0,,
0xbb001ec2d6e4fd80ee0384cad8d4392938e844dc,5,17.5,3,225.7,1,10.0,10.0,0,,
0xda51323fe9800c8365646ad5c7ade0dd17fdc167,0,0,0,,
0x6a2cb9b34ba6ca342ec787b70cd1878e71810231,0,1,10.0,10.0,0,,
0x75ed7bd176c9a8107ae3df007580ee1dc0030aa3,0,5,6.6,10.0,0,,
0x2453e7d2c113132e3d5429b805158941106750fd,1,6.2,0,-15.3,3,3.0,3.0,0,,
0x426ffa99039c971b8074bf468142f684d4bef6f6,10,135.6,9,40.2,1,3.0,3.0,0,,
0x288262dcdf3e2f3dbcb2dcfbf9dcc0d9adc50f8a,5,14.3,4,13.8,3,8.0,13.0,0,,
0xbcee759705229af612da098aa729d2aa24a15941,0,2,5.5,10.0,0,,
0x5e59073f5b92f7936955541a52201ed37efac4d0,0,2,20.0,20.0,0,,
0x2d4efbe0a82787669e9284c5f0fe160c4768e573,0,6,20.8,40.0,0,,
0xae0d4dc84c2732fb8caece859ccabcfabf32e68f,0,1,2.0,2.0,0,,
0x196556b34668a7de8e30fd9d1fedc28522b717f9,13,5.3,12,-66.2,3,13.3,21.0,0,,
0x07d511c407470829c8bc97204387268313356936,0,1,4.0,4.0,0,,
0x0982f0115b5855004e37df6f2c0ed927dd2ed796,4,96.1,3,-12.6,0,0,,
0xef99a217bcbcc1b8588523053aa88ec1314c217b,0,2,12.5,20.0,0,,
0xf40d256388da7c02ad843a78689aec414fa5c24c,0,3,5.7,10.0,0,,
0xe746435d136c4714383a64ee28e35c8bdb8d5cb1,0,2,8.0,10.0,0,,
0x253b88ebaa7c321d4803c0cfaf708684e3de32be,0,4,7.0,10.0,0,,
0xa332ba1b9e55bbc48fb227fa27b6d3a74ca254da,0,4,13.8,20.0,0,,
0x3b0884185452d1e190f078dd2f91cb89cdb6458d,1,9.3,0,38.7,0,0,,
0x24de98abe308acd08d0199415d51795f9f9c6fd2,4,5.2,3,-19.8,1,20.0,20.0,0,,
0xa853a60b728b8ccd5e228b7e6045b826cd6eeb0c,16,51.8,13,37.2,2,4.0,5.0,0,,
0x1fc2b8d6bf6ebbc5edba103bb791d38904c37a97,2,43.6,1,16.0,5,12.2,40.0,0,,
0xd9f0834e7ca9b9262df3189b850ebf9514027e82,0,1,5.0,5.0,0,,
0x3bf9d96e4fac7acde421de736554310821a6b335,11,9.0,9,460.0,3,13.3,20.0,0,,
0x72aa58d187662084067cedc12ca221fedbe9293e,0,1,1.0,1.0,0,,
0xc5d07838525e4537428ccd29e548499756df0c99,8,0.5,6,681.3,1,8.0,8.0,0,,
0x83e6f0ffa2fd3b9a662faa61398722ffc7721b5e,0,1,5.0,5.0,0,,
0xcd532243888d26791881064e24d4a25fd0041d98,4,7.2,2,-65.7,4,9.5,20.0,0,,
0xc98b31fa5f6d8e1410144a2a9c7d7862af28a440,18,15.0,15,-13.1,3,25.0,40.0,0,,
0x33f709347105f119cc48ed5b6919682b1dda1029,12,289.4,11,15.6,0,0,,
0x9466140c8781e253fe426c87ac17ccba500140ff,0,2,25.0,40.0,0,,
0xa844d7ac9fa3424c4fd38a25baa23e460ec3e802,0,16,7.4,20.0,0,,
0x775a74163592917c12be68749a6906944467fe45,0,1,10.0,10.0,0,,
0x1003d8c532e5178673668e5f3aa48dc399ee940c,5,0.0,1,-61.5,5,20.0,40.0,0,,
0xea1eb2ca1e83e22042d064d875a683c47f2c6bd9,0,1,7.0,7.0,0,,
0x1d3cec536d1376f94c226a4300cc1440881c3415,0,2,3.0,4.0,0,,
0x7c91b876513f362c9e57e33ff8cd5820bf715db2,0,0,0,,
0xa9c161abba81ced677e47f8512c95f91301a13e6,11,110.5,8,-12.7,0,0,,
0xdeadeac399078b8e81ce6885f385aa92be5026e3
0x5027b328022b83f5927bc6975202ce6d2e1b1326,0,1,1.0,1.0,0,,
0x9c00d5e11cb1f2e4fcc94a204d50797072291256,0,3,12.7,25.0,0,,
0x4909319e1a5631d0ccb561f36c11bf92bd5f0e94,0,1,3.0,3.0,0,,
0x005110f17139e63b2d624e4c040c861af4c12519,4,40.7,2,-34.6,6,16.7,40.0,0,,
0x8a820d3b050bafc0a1f3156706f28038aa292dce,0,3,16.7,20.0,0,,
0x4524160baa2e4377b6f3b574747a5accd083a3b0,0,2,32.5,40.0,0,,
0x1188e4d6c751d79e27cbf38309803b998318a7e6,0,1,10.0,10.0,0,,
0x387d2265469b3a157b2a9b6ae3d00521e58f8b43,2,95.5,1,-33.9,2,4.0,5.0,0,,
0xbcef61fc312646b0e212c007a81d010b5a197931,17,52.8,12,133.7,4,13.8,30.0,0,,
0xdec53aa5b5b6ec2518814061b1ec72f6a26bb5b8,0,3,1.7,2.0,0,,
0xbc433ba7c34752448c5361e5ed3038628a1753b0,9,2.9,7,-42.0,11,8.4,20.0,0,,
0xaf9eb4f8f69c41cc260dcaec145be88fb6b05c49,0,4,5.8,10.0,0,,
0x903fc3805b29ca6e9c967cdc451a119a0069f508,5,36.9,1,333.9,1,5.0,5.0,0,,
0xbb48841fc26d52b4ccabab9d1fe53cfda50462ee,0,3,15.0,20.0,0,,
0x35f058446b6e350522f05c8d54e7dd8ae824f935,0,1,20.0,20.0,0,,
0x6e6abb59dc84d09116045d35d4b9b8fca42ac6b9,8,168.2,4,-1.6,2,3.0,3.0,0,,
0x6a5ef320c39aa45b3c4780a30dcb498dbcef6216,0,1,5.0,5.0,0,,
0xcc58accacd0db8010e4c8a20ba49d2dc9d4d7f59,1,305.4,0,-20.3,3,13.3,25.0,0,,
0xab71d5a3323f5229766b137da990445dce8c7ff4,0,3,3.7,5.0,0,,
0x12e805d4b097cfbdbeeed6fe22ce2611a8a21b4b,0,0,0,,
0xde1df0e4c4ff894171141e5c7a0bfd170bdbd21a,0,1,10.0,10.0,0,,
0xe4bf4497ffefe67e7415ef6cab1a689f570b2d10
0x2e792ddcf489e7648bbc630f4a9a542949b160f1,5,90.3,3,-32.9,3,10.0,10.0,0,,
0xc5d8d0cf8ecb6b923f4d11f5d0f6f79e5c384131,2,286.8,0,32.6,27,9.4,20.0,0,,
0xc6d7fdfbcb55d6cad6570c5838de394d2aa24015,1,60.5,0,-53.9,1,20.0,20.0,0,,
0xb53a3d7404cfd09e2c995a0c1006897beb9c13cd,0,3,17.0,26.0,0,,
0x3160cda0ed2e7c0f935677ae76fb989de5585e67,14,16.0,10,-11.4,1,3.0,3.0,0,,
0x963deb9191d6a7dc1fb3891d472aa358b3e4b140,5,48.7,4,6.8,3,8.3,10.0,0,,
0x4502b6fd377e91ead9ae83b604431c0cf58b7b49,16,85.0,14,-38.7,4,5.2,10.0,0,,
0x50e2fe552727a4b8692c192b4f96d1a6b0d44394,4,283.4,0,44.4,1,20.0,20.0,0,,
0x0a66c80be307b79399a503f8e1c9d2c81981f2a4,5,303.4,4,4.2,2,5.0,5.0,0,,
0xa12156da455437e075d243f7091a667c7121a73c,0,0,0,,
0xd27c58389e30f666074160058aeccaa066f28b9f,2,14.8,1,372.0,1,5.0,5.0,0,,
0x4faf9534f8f029d03561d245b3b442b1c2e14ee2,0,12,13.3,40.0,0,,
0x478fd6c1502fbaac7905e33a9cd5aab0f01a351f,1,2.7,0,-32.0,0,0,,
0x625d6405dcac9c82f4b681a131d9182115448f75,12,123.0,8,-82.6,3,3.3,4.0,0,,
0xd89dcd226f1f902d060b4f5897edc130d8a7b312,0,5,8.6,10.0,0,,
0x19b151207c1091a0f68e636735d38f8f6d8d326e,4,118.3,2,369.9,2,2.0,2.0,0,,
0xebaffab05c4965e32fec81274f5f2726af786200,5,56.5,2,-56.6,0,0,,
0x2312171890250347dbf1b082bdf7950504909e92,0,15,10.7,20.0,0,,
0x094f86cd831acbf0e97dceeaee51a5471a2d32d3
0xde14cf450d7b154cb6976ef033c59c6b4ca989bc
0x6e32c51a33d40e22fef61ee33cd4ee1dc3ecfe2e
0xa4beb4fbe651b00bc16d472e2e1aa1c26b3d90aa,7,17.5,3,-42.2,3,11.0,20.0,0,,
0xf58bbf5fa40c411569c6b2a97852571cd7eb2b95,18,48.0,13,548.1,2,6.0,7.0,0,,
0xabf080228d0253f949aaa453296798d43abfff33,8,81.8,1,-20.1,7,8.0,20.0,0,,
0x0fb3255c84a2a3e0fe978d674b3d3e2dfc02c7de,1,6.3,0,8.6,2,7.5,10.0,0,,
0xe67dbf2d051106b42104c1a6631af5e5a458b682,8,55.7,7,-57.4,6,11.0,25.0,0,,
0xbb5260c8194eae1f7af4e3dadeaa52a48d10902f,16,195.0,14,-30.2,3,2.0,2.0,0,,
0xac142fee46f8dacbfef23e1e41d79f1f7233487e,17,0.9,13,22.4,1,20.0,20.0,0,,
0x5bbbe102d2ec51403d1c5c1436a88d9dfc616ff3,1,67.6,0,262.6,1,12.0,12.0,0,,
0x6adc6084b9765e0130a3cbff02af6f11edb0072d,0,2,5.5,8.0,0,,
0x5df9676c0eb4a24534c0f32e878338806192fc2d,0,1,4.0,4.0,0,,
0xd844fec2555cc2bd8632fb4ae54d00146f36b726,0,1,5.0,5.0,0,,
0xda51d0880a744f5a804340b9a45c360a1bf1d3e2,12,80.7,10,40.0,4,4.5,5.0,0,,
0x62886e2dfda481c83a0f75300fbe62747f65ddbc,1,6.1,0,-27.1,37,7.1,20.0,0,,
0xa8d905f82b1c8351c815032a163fff2ca9727fe8,19,52.4,16,-54.0,3,21.7,25.0,0,,
0x38fa2d5f76be65ed530b5246c12e7022a580b3e7,3,38.8,2,26.7,1,4.0,4.0,0,,
0x567549bbdf35850ad58dcdf2d0f97704c76f44f0,0,2,6.5,10.0,0,,
0xae003ff587d69f190e4d32370d8451d46e0b3d24,11,1.5,5,6.2,4,2.0,2.0,0,,
0x20438cfdd36d75e185d6601697eb1973f4aee79d
0x54c8dc1f064c8465670632908bc6e97381031742,1,55.2,0,-5.5,2,1.0,1.0,0,,
0x7f1053cea04935143250c88c9049449826cd8b9a,0,1,2.0,2.0,0,,
0x701adb5a67f3ee17b10ab5b156b37dbc0ed50f29,0,1,4.0,4.0,0,,
0x3b86ac77b0618d1a5e6e06cd5bf0df3f18e72a98,1,4.4,0,-4.9,1,10.0,10.0,0,,
0x8da2d909243590df009b93e14d47783e337e1ebb,0,1,3.0,3.0,0,,
0x0ce048fe42c170e41740ee392e187f19515f339d,9,9.1,4,7,4.3,10.0,0,,
0xb76bc3d01ac05fd8cb1078334923785f76fe0b3c,0,3,3.7,5.0,0,,
0x0af66f3571761d7196b713ff881609d7e7456fe1,1,287.1,0,145.9,2,3.0,3.0,0,,
0x4d98b90beab70734b5e0618d059fd30850f89da2,0,5,1.6,2.0,0,,
0x529eca6d04a741a26a06e9c4012fad3ed2815148,0,1,3.0,3.0,0,,
0x7b48e6a3a3c90f6e194b2f1c67b49091b7d543a3,1,18.0,0,-31.7,1,5.0,5.0,0,,
0xbbcb0c0aef0b28125af2f719f81d6a5b76f56f30,0,2,15.0,20.0,0,,
0xbcda96074512b8d5a75195b525a0d85c9b94b8d6,0,1,4.0,4.0,0,,
0x9c972d06eceee9dc08e2d295742d2045f8e54fa2,4,3.2,2,-66.9,0,0,,
0xe32c59344c3114a69b8096589ed007c37d9c1e76,23,0.0,21,1,10.0,10.0,0,,
0x2158583da0405538933216ce90063c0979e9c922,17,279.1,13,-41.9,1,1.0,1.0,0,,
0xe6a90b07af76c504c1dba4cc45a12c4dc6b1ea68,0,3,6.7,10.0,0,,
0x4860d039cbc7cffb0267f86e63f4b4442b71505e,0,22,6.2,20.0,0,,
0xc5dea542ccc08b806099cce8cab0ecc4a2835ef1,12,7.9,11,6.9,3,5.0,8.0,0,,
0x99202ad5402beb662c53592ed854d7454cbd89ce,0,5,4.4,10.0,0,,
0x7944642920df33bae461f86aa0cd0b4b8284330e,0,0,0,,
0x1cf4145ef50a870fc6b0fbb7bcba6e264eda8ac5,0,2,7.5,10.0,0,,
0x5df655967d9599d814d41669048e872f3929d4a8
0xeff344907e892d70f0e8006c064d2b60bc4bfe28
0xbb73c02cd7a3f8417ef31a40bbf7b517dedc13d1,18,11.5,17,-35.7,5,4.8,10.0,0,,
0x1900078e4552760a4a74c0cd3c559da3c399af5a,0,2,4.0,4.0,0,,
0xad3acd531e70e0efaec872d56ebe96eea446f7ce,0,2,20.0,20.0,0,,
0x078ed36576a45d45f8fb8889b2ce4024d8904c9c,0,2,2.5,3.0,0,,
0x7116470134e289f7fefb0922902e28200e471447,8,70.0,6,-19.5,36,6.0,20.0,0,,
0xcc94b225e76b600cce7502758c1a0165ed494b57,12,14.3,7,-62.6,4,21.2,40.0,0,,
0x5cc4480f8498e2ed639ab405d5753a3fb3dbc221,1,42.1,0,-39.7,1,40.0,40.0,0,,
0x27c5fdef9a082abd0711c611dbde9d7db9611aae,1,11.8,0,-17.2,5,5.2,11.0,0,,
0x6d3b90747dbf5883bf88ff7eb5fcc86f408b5409,1,159.4,0,39.4,15,11.9,40.0,0,,
0x1fe3116f5ecbb3ec59c539e08563e366edbfa043,1,92.9,0,23.6,3,3.0,3.0,0,,
0xd3e15446cc9120f698a77ec9b6c42cd4f029f6e2,15,0.1,12,-67.8,2,16.0,20.0,0,,
0xf324df8f9ffb5d5fbab25b3187caddd6901f237c,13,0.4,10,-28.9,2,3.0,3.0,0,,
0x53ad13397105abfe7adc90124fbd9468753ee10d,2,34.1,0,-65.4,2,3.5,4.0,0,,
0x8b800a3cedd06605d2ef8cb4ffeb44dac46fb060
0xbaec4142f328ec41e9003ba07fa71fa880f2d42d,5,220.1,2,262.4,1,10.0,10.0,0,,
0x5402ab8530aa873ef3969405aa731238aa86ac0d,0,0,0,,
0xef01c59f949c829ff233e889e6e89f21307a86bf,3,72.4,1,-21.8,5,6.8,20.0,0,,
0xf47fe5f0f6c3ebfde365e34e6d15fb2ed4c39cdb,12,41.7,8,-36.3,0,0,,
0x80ad218ca74c75211de979dc237115fc0fe16e2a,6,17.0,5,927.0,21,9.2,20.0,0,,
0x925c7d3edce9028f934e84b881ebaeb56c74ed87,0,1,3.0,3.0,0,,
0x0c0cf825707b3235962dab0e8fdc2b8d97b70463,8,4.9,7,120.8,1,10.0,10.0,0,,
0xf40ca4ca8a135d11d981a0226ea35b9900d5fd5f,0,4,11.2,20.0,0,,
0x2d3cd5b481c49f4cad2cc515d8a62e977037e803,0,3,5.3,10.0,0,,
0x545b4f7a5448b6af1b2075bdf22e88d23fd356eb,19,99.2,18,-5.5,1,9.0,9.0,0,,
0x756d1771afef17afe6fa2a111ec7e83a652b5c4c,18,300.6,16,71.8,1,4.0,4.0,0,,
0x5a4af775027a8bdde5d07dc30c22b0b2023f20f2,2,280.4,1,562.9,1,7.0,7.0,0,,
0xb9aebb46919bccbf210537a1f2173690d9ee7af7,0,1,3.0,3.0,0,,
0xc7f3611b6a7566961f3abc8db6fe4700d6b8a380,0,1,3.0,3.0,0,,
0x81cd72bf5bb7a054c521935ca7e25ca8ee89fe84,0,1,3.0,3.0,0,,
0xd1fd58c5484d0b211cfbfe09206120d25d8926e4,16,6.2,15,165.7,1,20.0,20.0,0,,
0x8a9514f02bdac6119d8676880525aaad5f9167dd,7,6.4,6,-31.6,12,8.9,20.0,0,,
0x974b2c69bd3c4e1b67dadca4ca12663499de24c2,0,1,4.0,4.0,0,,
0x774f28fc243d6aa8787506869643fb4698bd2133,0,6,4.8,10.0,0,,
0x96736690de3422242338b668ccb86bed211053a0,0,2,6.0,8.0,0,,
0xbcf4e838f2b88ac0d5627d8947618898714c04d6,1,325.9,0,-25.1,1,4.0,4.0,0,,
0x74464eea5f52b768b501bc223815ddfc8565ab75
0x28955ab3873062e829acef9e6da5bd358ece1726
0xa96db24faa8eb2d45434ba01c344691349141b5a
0xf946239c3f7246257265540e4243f21fa23baebd,0,1,5.0,5.0,0,,
0x6f6042354566515329e94d82900ab11187aa6c3c,0,4,8.2,10.0,0,,
0xf88a2d2815f49f7963bf2481a231ca251d7cfb1f,0,1,10.0,10.0,0,,
0xd012ebfa39efe653c408a71e3968fd127830ba1a,1,8.8,0,-49.3,1,3.0,3.0,0,,
0x7c542bc686c47e7f6f77dc807024540085343e21,0,5,7.0,10.0,0,,
0x503a11224611c29e928cf1f89e190fcc8f3d550f,8,0.6,6,43.9,1,3.0,3.0,0,,
0xdf3e15d2335be8190ba84e25568d6341af2bc0be,0,16,5.8,10.0,0,,
0x412837cc7bc11d78197ace6b4c27f86a121f3c48,0,1,7.0,7.0,0,,
0x9fde8e59c61c290c435c2d953e70a3873e06a572,0,5,13.6,40.0,0,,
0xc7847f80861d2e47c40dfacf9f69e0d0c1393e53
0xd888bca48fe88ece4f604f37618ac76ef12421c4,1,95.4,0,159.5,0,0,,
0xa32533a01bfca623badfaba89fa28c079b8671f7,9,0.5,4,-29.4,6,4.5,10.0,0,,
0x4cc2a26cb0427032427a002e210f368ea4cc17c6,18,9.9,14,-51.3,3,26.7,40.0,0,,
0x6707013459fa40ab655710bb08690693d539b113,7,84.6,6,-58.4,1,5.0,5.0,0,,
0x965608f48a7831a002a47f6a026b11ab01106f23,6,2.5,5,215.2,1,10.0,10.0,0,,
0x98be16eef95d8421e25295854db8ac66d4b941e4,8,0.0,7,1,40.0,40.0,0,,
0xd48ddb21393f8fe7fe706422255503be161f2074,0,2,1.0,1.0,0,,
0xc4b2879001501f32bc319546a2da38ea7f5b9736,0,0,0,,
0xa29115c7e8f085c5f5af1518bacbad4f02ed83ee,1,1.5,0,-63.8,2,9.0,10.0,0,,
0xc0045a47d21f650545bdd3e2e418861c43e4d385,1,251.6,0,750.0,2,6.5,10.0,0,,
0x4ee9acbac31d1513428b9cc61aa07bf8f51eea64,0,2,7.5,10.0,0,,
0x20e4438b762e9a39b7fef96847017188547eb987,0,0,0,,
0x27aed96ff4bde010949a65f9d28ef1ae65c952cd,0,2,3.0,3.0,0,,
0xb727cdaf7c727be131834c6a3c41587efffe25c3,0,1,1.0,1.0,0,,
0x4c6d8c95d87bb58a31e996678875df7d9653c19a,19,12.1,15,-3.8,4,8.0,10.0,0,,
0xac51f7ae37ce8c17ea178bfd96750cedfaa6f7dd,12,56.7,11,-18.6,1,3.0,3.0,0,,
0x98eddd2adb9f5a2e2ffa78d27a4dc987f166a6d7,0,1,1.0,1.0,0,,
0xcd667aa15e9c9eaed4be9dfb3a4e43461661c40d,7,344.2,6,49.6,1,2.0,2.0,0,,
0xe94a532507761e342239807bfc3a1fd7f26debc2,1,332.7,0,-41.6,5,2.4,3.0,0,,
0x0bb5bf73e7eb347b265f23a61228dfe330cfc797,7,18.5,4,-53.7,4,10.0,20.0,0,,
0xd90fbd75969a878cb59d31c32785c9c8098b97de,0,0,0,,
0x1c1083dd783fd00cfb6be64a6af65cb6198775b9,2,17.5,0,99.2,4,15.5,20.0,0,,
0x3f51ad2d5ff5b2fc5ace0da7002dc364a3001e32,7,54.5,1,-43.8,9,10.8,20.0,0,,
0x0aa0c3ac0151c42537fdb3cb6a2f37b9251a6c6c,5,95.7,4,3.6,1,10.0,10.0,0,,
0x44a3f0354f4c10eb9cd93e522b5e3210d126f054,6,7.7,4,-55.8,4,15.0,20.0,0,,
0xc7a99aae7e5703c55b5a58ceec987bc0021ca5ab,0,2,10.0,10.0,0,,
0x84e303e09239550c35e21f6ebef34190fcafdfb8,7,43.7,5,209.1,2,15.0,20.0,0,,
0xdaf50e499dcaff47f284833920c02cde439b6e4f,12,20.1,8,-22.8,10,12.1,25.0,0,,
0x1b2a2bf01d8819c46c888a75629470f2fbff2be9,8,75.9,6,-8.0,3,13.3,20.0,0,,
0x96d12d338e4bc3a21ecc2a04ce6e9516fe71dbe9,0,0,0,,
0x45d5d5c077550fbe5de3bc261e3dd1a4a5d1aba1,0,0,0,,
0x35335c93988ac9dd0afc17bee74f9f823c5aa2f0,9,6.9,8,105.5,1,25.0,25.0,0,,
0xec7fa7564f0bd79dbca021b7c04aca0c944d074e,12,14.0,9,-42.7,1,10.0,10.0,0,,
0x05a42708e46733da056d09e0a355bfd2c3054eba,0,18,8.4,20.0,0,,
0x6285c3568af2cc216edc28b2aef5373f40cbd775,1,2.0,0,-76.7,1,3.0,3.0,0,,
0x74b3bb13ee674428795877742148c97124ee7358,4,180.3,0,508.9,3,16.7,20.0,0,,
0xeafc42fdb778d10f036fe6eaa7e296256dab085b,9,97.3,5,42.3,1,5.0,5.0,0,,
0x054560e1f9d7f938b35c62f332751ba18b02f2bc,0,0,0,,
0xa0c2c48b0f45b003ef5939ade967e64eb9e3615f,6,2.1,3,28.4,9,6.6,10.0,0,,
0x4a0b172b1f5bb70746c01583abcf2cb915e6e13a,1,56.0,0,97.3,3,6.7,10.0,0,,
0x0909ef874690452163a7b12474cf164730d591b1,0,0,0,,
0xe1ac29f9a6bd3de3c3311566b37ade9db1ef8856,0,1,2.0,2.0,0,,
0xda3a955cc9eb6b975c739f1d5113fa050e6c5327,9,1.0,6,38.3,1,6.0,6.0,0,,
0xf9d91f48d64195fd883e5f3a33e29bd0c4c31eba,0,1,10.0,10.0,0,,
0x07405f0daae4e5e1b14c97fe3085f036bb45ad44,0,1,2.0,2.0,0,,
0x86d7493be99ec51de4edaeec1a1044da634946f3,9,9.6,8,-90.5,1,5.0,5.0,0,,
0x2a4446dea22165a222902a0a4cfc5723514a48f8,2,96.6,1,-0.0,0,0,,
0xc965e4fc96e905be274d371a8e502b4dd1a6c698,3,226.8,1,389.8,1,10.0,10.0,0,,
0xd18f52ee0045794bbc00d61380e806c9c0873024,0,1,3.0,3.0,0,,
0xc12f80e8b763df7fa5b400767698fd86c87f7cb1,7,5.7,5,-22.2,2,2.5,3.0,0,,
0x401e7c76fc809b3b5cc69a5c41dbb97585f4cfbc
0xa5eb910ec9176dc15c8419616e19e2ff0100dbdd,10,3.0,2,-43.7,0,0,,
0x29b946ef7e875723dc982d47acc226692433dfb2,0,0,0,,
0x3d68fbf184ee117c98a2cb5fb554cbd695df8fd5,0,4,13.8,20.0,0,,
0xbe494a5e3a719a78a45a47ab453b7b0199b9d101,0,2,15.0,20.0,0,,
0x009fdc047e8771b8be1371fc277468a9547220f8,1,63.5,0,-43.0,10,12.4,40.0,0,,
0x27bb711d53b5e44b796b3ebc0b97d5c568b9f152,17,28.9,14,-8.1,3,4.0,6.0,0,,
0x1112e47bc822f800119e54e211bf1533ca847b66,9,0.9,6,-61.7,8,17.9,40.0,0,,
0xbe905f486a5afc311eef5cca184fab073c3978fc,17,222.1,11,-25.1,6,6.7,10.0,0,,
0x3b81044ed9b9253d449c86fe826f46ad25f4447d,3,93.9,1,-66.9,3,4.3,8.0,0,,
0x992a79a7ce3d1b8e93410cd62eb34d83698e75f3,1,293.6,0,697.5,2,10.0,10.0,0,,
0x1b093c2e9a4a9827c2bae2c1b52c6c151f23c01b,3,2.4,1,-47.5,2,6.5,10.0,0,,
0xe29ba9b7e6a9662f1b82f49038f7f680abab8ad5,0,2,5.5,6.0,0,,
0x00620ada30d98ffcf8e3c91e65283127d11c64ce,11,0.1,10,65.4,0,0,,
0x73045e207623eed9e09f647fec7d3f3c0b4a37a1,14,0.0,12,2,15.0,20.0,0,,
0x6fc4542294a738ecf566c3ab234eeebbea672d8e,0,5,18.0,20.0,0,,
0xbc38821416cb99a533b82db9bc18da022011011f,0,1,20.0,20.0,0,,
0x3d5f1ad033c4e7c6a6d433d50d694c488dcaebcf,0,2,6.5,10.0,0,,
0x51651b81c895e654e5402a3fc371e3b60b0dfb1e,7,6.7,6,-68.7,3,18.3,40.0,0,,
0xb7dfcf37ead39a9901436ec2ce4057f9b57716de,0,5,6.6,10.0,0,,
0xd1adb6503b54cedf2ccef04e29b85855fb9d4e4f
0xf6e4e49d2786fb5c284094e39eaac62db263af81
0x85c82c0ebc16dd3631568e2e5f5ab39dbf855885,0,0,0,,
0xd8c755ad83be7608a922e77451e281c9b6365df6,1,178.9,0,24.8,10,9.0,10.0,0,,
0xd439e8698205e27e2e869712ca7b0ca55cdc1fdd,0,1,5.0,5.0,0,,
0x7c356d5723a70f9d37c01ec7bc62c63e64c98e53,10,45.9,5,-80.3,2,3.5,4.0,0,,
0x226a6b33c2a46a2426c5d0cc9896ad218f5d0a15,4,13.8,3,4.9,2,3.0,3.0,0,,
0x542325afbfce5ca6bdbcb79da7dba7059149f7c4,1,116.7,0,-64.0,12,8.6,10.0,0,,
0x970b206f3bfb86f06581bbec04dd2e703266fe84,0,6,7.5,12.0,0,,
0x00ae7dc3e9796260506afe8fdb0598c281f10776,11,9.3,6,-7.7,6,7.2,10.0,0,,
0xffa1df35d2e869c47ece1386bdab50eff9954c34,0,1,3.0,3.0,0,,
0xeaf9c713acd3ae40c11c724c442580dc3b7410f9,17,7.3,9,-66.9,3,3.0,3.0,0,,
0x2a0b9f2f8d00f0fc64d6c869ad8405c942ca637d,10,4.3,7,1.9,1,10.0,10.0,0,,
0xffdb2d4eb40e3bc00fda2c6bc3d3a79ab4de5137,0,2,3.0,3.0,0,,
0xc47581025e1a1e88273c293521751306d30831f1,35,0.2,29,-38.4,10,9.1,20.0,0,,
0xd2f67033ce9be4cd021a58a1a308fe2aaabb4f1e,2,268.6,1,219.2,1,10.0,10.0,0,,
0x91a69676bb6ac41bf927b421d5b2534cb3d01826,7,95.1,6,-5.4,1,4.0,4.0,0,,
0x2bd6745f4c7f91401611134b61b839ee2ebdb8d8,0,4,7.5,10.0,0,,
0xe677c12ec99bfe17af974174bae6cf454ad70a0e,1,19.3,0,-74.8,1,3.0,3.0,0,,
0x3da3b64e63b57ed4926d4d9836cd08e0ffc830a0,5,13.8,4,-89.7,4,3.2,5.0,0,,
0x5559da6ec434c5723d0ce9c4da7f29e3f8a3d43b
0x9e6b92cd44167d06b102e683df3f02e23d932e4f,0,0,0,,
0xe1518a5ae4c762a0dd7773b987f6bd8bd7ca155c,5,19.3,2,39.9,3,25.0,40.0,0,,
0x42351635d3e18bebbed4d119da64607d765ae877
0xf0d69d179ca94eb9b16d9ddf9d5ebf2f23a34cef,3,143.9,2,37.6,5,20.0,40.0,0,,
0x13e84e8897caf814dc32e147aa0f6dd46fa28cdf,0,3,1.0,1.0,0,,
0x5f1055597a652a50c67e62bcf2912dc621bfd49d,0,3,11.7,20.0,0,,
0xb981a0c739dddb86a40c576aa1fd75f491184e0e,4,16.8,3,-22.8,1,5.0,5.0,0,,
0x0f529ec60f7103d2e278fbaa629cac1ca1cd01db,7,4.7,2,-81.8,4,16.2,20.0,0,,
0x5e13d5cedbddd7237f659947ce64bec1294e2607,5,11.5,4,8.0,2,1.0,1.0,0,,
0x18842d30863c114e4c6986db4e42fd910d68e034,2,7.5,0,-25.2,9,8.2,14.0,0,,
0x47e2030197d2ab30f2480c1c692b03cd7b0b4197,13,84.6,11,-78.9,2,6.0,10.0,0,,
0xe7aa7c4c4b8ffb0bd32f21d7b193d87653151b74,0,1,40.0,40.0,0,,
0xf6528a02e8e07fc154225297394d84f8e3cf5375,2,5.6,1,-39.5,1,5.0,5.0,0,,
0xde95b007e425cacd9c1aeddb8415f936b4d84c74,18,37.6,9,-17.5,6,6.0,10.0,0,,
0x8cbaf87ab38529516789eb457235a6e56b2f470a,0,0,0,,
0x033465f1a262b563e5fc2e4366e7e2ced480753e,4,62.9,3,34.6,4,10.8,20.0,0,,
0xc55f34dfe52212cf659e3e5cc7439e98f58c9720,15,0.5,13,-19.7,0,0,,
0xb11bea1080317bae244429a9491a8d5a6f29a229,2,4.3,1,-38.5,3,3.3,4.0,0,,
0x796c4c2b69adc93592aa7372369d01487ef5a9a3,12,9.3,9,343.6,0,0,,
0xf7ad6fee298149c99eef42c6f4fc0c1264f00139,0,1,1.0,1.0,0,,
0x8a249d31750d727e6a3a7b534255badd575aa26f,0,1,3.0,3.0,0,,
0x3dd462347e7b42b5a3ea15132b677a4978af7a81,0,2,3.0,5.0,0,,
0x20fc2e585707f274da6a48226d7886c433f73624
0xa4047eb14ba43a6c2168323f81bbfabcb5998c2f,4,75.4,2,133.3,0,0,,
0x09f37fc3c3d8b6b789e6840c26faa7dd66baf76d,1,17.3,0,-7.3,1,3.0,3.0,0,,
0x762d249bb1ddaa503eee8d82e5b73ef059bb62ce,0,2,22.0,40.0,0,,
0x8df3e0b89ceff88af367c17423e4ef2f3543a8d4,1,69.5,0,54.9,2,25.0,40.0,0,,
0x001d31846d08c23177011c6a523ed5b75823533e,0,7,4.1,5.0,0,,
0x4c7a572ad38aed2c1d33fbfeba7bd69a83ec0e30,6,17.7,5,15.5,0,0,,
0xaf866d44ef153acf9eaa5cae70661e7db7c4d3ad,0,1,10.0,10.0,0,,
0x9a3e2b1dff845c0f03af216078be783474231e6e,1,582.6,0,161.4,2,1.0,1.0,0,,
0x4d272a5186de31e434d96f497c71ba20c6999614,0,1,5.0,5.0,0,,
0xde51d5df898ac419aed4ca7449d189d53395f44c,0,1,3.0,3.0,0,,
0xd08a4557671ca465e7bba41110a93148c90f9931,0,17,6.9,20.0,0,,
0x2587b0a271fa6486f2ac2889afa5877097a413cd,7,13.1,5,6.2,2,32.5,40.0,0,,
0x7974d4c762a377d76e44ebd55f9ab6066ba7ac89,0,3,2.3,3.0,0,,
0x8e6208666428028f2af876a32264427ade1d7289,9,327.6,8,-45.2,1,3.0,3.0,0,,
0x3f94463f2921e15350550c5664028711d40d5846,0,1,22.0,22.0,0,,
0xa5141331d3931c1d3435663ee9ec5b6afe552e40,3,74.5,1,528.8,2,25.0,40.0,0,,
0x1dea823516f68a3d897c38eab6ed34f8357236b3,0,1,40.0,40.0,0,,
0x07f19f68b2bddd632acfd4e6205ff490bfd04359,0,2,7.5,10.0,0,,
0x9544990ecf9f912a6151c426b25b3ab4ee879267,0,1,5.0,5.0,0,,
0x2e1aa624f04fa7ab7198c6fbfeaa42a707b42c1a,6,17.6,3,68.3,0,0,,
0xc412a8269d3b8a5297f173766c441d06b10a2186,16,20.9,15,-45.6,0,0,,
0xc5c546e7e81bf64e31604ae3fd769e9dcec9226f,14,218.4,11,-2.3,1,5.0,5.0,0,,
0x3eeb3368c7676fae6a3496cb0ee2d3a99cb460e4,17,56.1,12,-52.1,1,5.0,5.0,0,,
0x5e461f9994732c726f857cd6d4a7fbf35d121bb6,17,12.7,14,-22.5,7,7.6,10.0,0,,
0xab75bad3cddabc8348cea1be6bdd728b4b2b0393,6,102.2,2,7.3,4,10.0,20.0,0,,
0x9b28837deb55b014f7a37f2812d6ec042ce87ca1,0,1,20.0,20.0,0,,
0x16d69a835c012584783921b2e4c622f157ce97bf,0,0,0,,
0xbb1a5ddd6de7fdc7b0b71b26ed229dd1640efaaf,3,14.0,1,-12.2,9,6.8,10.0,0,,
0x1d20d526b211ac720a7d4d65282422b057ed1bf2,6,49.1,2,-63.8,1,10.0,10.0,0,,
0xaf308d1df7463866b53a6904faee21c3b4b77d0e,1,30.9,0,-23.3,1,2.0,2.0,0,,
0x90f80b7ff544c160d96d69957386dc9757fab8f8,0,5,3.4,4.0,0,,
0x7ed62374a529e5f22666197e6695b7c7d8f5377e,3,4.3,2,4.3,1,1.0,1.0,0,,
0x379150f92f99c0b7f313ae5b2a8b695b2993eb21,0,13,3.1,5.0,0,,
0x6230b8f9a6c844338e92ccb4b9b16b78770007fc,0,2,2.0,2.0,0,,
0x37c26d9ae358b99593713a824d440942ab2c9a53
0xa8e3028fdafe4eace545c9bb5d451d9c171aee1b,7,11.2,3,57.9,6,6.7,10.0,0,,
0xbe9e9b88f78b6b35f0e3cde3ba5ffd4fb47e8ab4,0,3,16.7,20.0,0,,
0x9eaebe41e6783bce9c88d5f7af6c719b68c6ac69,0,4,7.0,10.0,0,,
0xaa8be3e5934e9582ea99c3e56dd36ddb1eb019f2,18,59.5,15,-48.2,0,0,,
0x6143eacf6db9c121b75f67642fb09a912c8f53a2,14,11.0,11,-54.3,10,4.4,5.0,0,,
0xad21a26e4f3af1cfc6a006121abddf3e7fa2fb6a,0,0,0,,
0xf4fa6ea7cb31d95bbe61121ba827602c17e27a7a,11,19.7,4,-45.3,2,1.0,1.0,0,,
0xec612df9f5427f84de9ce38d878b46274619e1c9,2,46.7,1,-23.4,3,6.0,10.0,0,,
0xac27d1d01d1c2e29c8b567860c3f38123a4a9fea,2,207.8,1,339.7,1,10.0,10.0,0,,
0xd20928516631b043d72d9a97153bd83489da137d,17,0.9,14,-73.6,9,13.4,40.0,0,,
0x94dac1facdc4afd2614c3119447187b4143bc449,8,9.8,4,72.0,22,3.0,3.0,0,,
0x98f31a6679f47fc1bd6cf1526062c4a322a22bab,0,1,5.0,5.0,0,,
0x9d009f705477435f2a9c6bd9396abd8c60b1ddba,2,17.3,0,-84.7,0,0,,
0xfbab890b61dc2e912718295dcdf45f499650ce9d,1,7.4,0,10.4,1,40.0,40.0,0,,
0xf58dc0ef505139964bbedd7782f4520ce239fc24,15,0.0,13,2,3.0,3.0,0,,
0xc6109aa927b86ecaca8ee7f1065f2ef64fc51603,1,113.7,0,-0.6,1,3.0,3.0,0,,
0x8d56d30d58d1a2709befccea6642252bab6ed51e,8,43.1,7,31.5,18,7.0,20.0,0,,
0xf357e3192827ec5cae13590ffe833db8fa3ac0e5,2,264.6,1,7.9,4,5.8,10.0,0,,
0xfbeba4bf975befe59562e7abc1f6ad9bcec83bef,19,32.4,15,168.0,2,22.0,40.0,0,,
0xa5adfe6e2b95b9f0627c50382b0e9ab9c3a6d85c,12,165.6,10,-81.1,0,0,,
0xdf36f9e86665aba0e5d95cf211b3f4f10f697b1d,0,0,0,,
0xd937cb720de49f28afae787e06ce0bdc5f11a951,6,10.8,4,-23.3,6,6.8,15.0,0,,
0xb64d690e67ab7715ddb57c7882d62ba9d82f6ee2,15,78.3,14,55.3,1,40.0,40.0,0,,
0x9f42ed009685cedea83a3d33713cfffd8051ca76,3,73.5,2,-1.5,1,4.0,4.0,0,,
0x192dfd9c08cd9e17cc695913bca39b36ec425324,3,16.1,2,-52.3,0,0,,
0x3bdeeb33058760807345a493c17ff45443330923,14,5.7,11,-46.8,16,7.9,20.0,0,,
0x4250ddaa933fa49b9658fb24dcce1a5cd5dc12a8,15,8.7,11,49.3,4,4.5,5.0,0,,
0x4fbf0b62bbe2b84ab4f25ed7a7b41698cb14fb63,5,321.5,0,-16.7,1,2.0,2.0,0,,
0xa1be71b903206120fa2b2245e145a5d7be09d8f7,0,4,9.5,10.0,0,,
0xeff7fe671d9a7acf86f48994bc5d5161042415b6,0,1,20.0,20.0,0,,
0xedf55fb640fc244d8ce2c4fb4785406d0eb59eb2,7,62.0,6,181.3,1,17.0,17.0,0,,
0x8996f8d5c954a21aa1989b9500934ffb35ebb5a3,0,4,2.2,3.0,0,,
0xba939edf38c0ae0cc689c98b492e0535f43e4550,12,9.4,3,-60.4,2,12.5,20.0,0,,
0xbc1fabd25b566143a2641b27944869b11d2b3728,1,285.8,0,-96.1,0,0,,
0x523979b277a398574a81da1d3511cb84823ce040,8,7.5,2,102.1,3,2.3,3.0,0,,
0x6b6524ae0878152b4376699d51384042b8b0bea5,11,7.0,9,413.2,12,12.3,40.0,0,,
0xd248d2f09bfbe04e67fc7fea08828d6ad6d95b6d,7,40.4,3,23.6,1,5.0,5.0,0,,
0x01c80f69cb27ff10506df825cff859ffc8721eb2,0,5,4.4,10.0,0,,
0xe19813d9fe290ba610a993f564abdfb0509908d2,0,1,10.0,10.0,0,,
0x7f15f9e8f49c07ab33d4dbd05a92dbd6dfd686ab,15,53.2,12,-42.9,1,3.0,3.0,0,,
0xf61ca9f37d5aa0f0d89349cce9f610756a08ac00,4,78.9,3,24.2,1,9.0,9.0,0,,
0x862761cab3e948c6963b87cf2c0afa337da9010e
0x819e8ca8c93c557184b850e601d89ffd1616da03,19,53.2,16,-17.8,2,4.0,5.0,0,,
0x87904e5a9ef3d48b020d2964341de985a1d5c6ae,1,11.5,0,91.2,2,15.0,20.0,0,,
0x66d59e5b4df91fd10b60c3f93a2c665b860517a1,0,0,0,,
0x00605a07047fbaccb7351cad21f3d02c4440db5a,13,4.6,11,79.0,0,0,,
0x9f0fec0628eae6413065c63b02e09e4090ba58fb,4,198.8,3,-9.0,3,4.3,5.0,0,,
0x943c96e126e06e7c17a5cd28145125b999498dc8,0,1,3.0,3.0,0,,
0xf5f4c3aa62a0f903a8529905031b1536d1cf16f8,1,35.4,0,-42.3,2,1.5,2.0,0,,
0x7d93e65089f457d7186355e1ff3c0f4c1f2e620b,12,18.1,11,-48.5,1,3.0,3.0,0,,
0xd2645f07b873553621042aa499e1da490fba47f4,0,6,15.0,20.0,0,,
0xc9b3ef98f2b260c2c4c48323e8863f4dfed3d5a7,2,5.0,0,-7.6,1,3.0,3.0,0,,
0x86562d6b2fc550432a6f6c091d3a3d578541da7e,2,165.6,1,1225.0,0,0,,
0xbc3135e64552c95d11b6cdf930d12608aa8b3cbe,0,4,7.0,10.0,0,,
0xc5415335b576e774eba08e177206ea81fd61188e,9,30.7,5,-56.4,5,6.2,10.0,0,,
0x525c7e8e135a21146d11fd67b001e1206166af85,0,1,10.0,10.0,0,,
0x5c976811cf5e44294ba0f510aa670177c3750360,8,13.7,4,302.0,3,23.3,40.0,0,,
0xdfc578ab1a591348dc298fa9059d4b4307f523b4,13,19.1,8,189.8,5,9.0,10.0,0,,
0x1ec28137d0ed25040a7e33e185402a54a848b383,0,1,3.0,3.0,0,,
0x9e9bcafb134960cbe74bb3eda6b7c937915c8663
0x9471f70f2518846f7a076636d64e5a22787da105,0,0,0,,
0x836a058783a0fc410515d3dfff9cd4ab9168086f
0xa3f01a0ec5e4dab3fd7376993a5cc7a1bfd36037,0,1,10.0,10.0,0,,
0xf2460f28c9bacb35ac6fef048b661d33ad070aaf,0,0,0,,
0xcc23ee28f05c89665f0b42dc611f2caf6b71a042,3,77.5,2,-59.2,4,1.2,2.0,0,,
0x37c7a6ee4df2b11346c392e93347f96d62771ec4,9,20.3,7,154.8,2,4.0,5.0,0,,
0x9a5e2780204fb980a5a5714b4e6bf7a659343cbd,0,2,10.0,10.0,0,,
0xee44c30be1581747ddf68a5055ba9cf0f38ff976,14,37.5,13,923.7,1,4.0,4.0,0,,
0x075c707b6c1b95405cc5f00273ab1a2a946bb384,3,38.7,0,-23.3,9,7.2,10.0,0,,
0x8b6cae259a98506962168924bda47954c6626da5,0,2,6.5,10.0,0,,
0x72abac7c2c9c1059f243217fefc1d244823c65ec,2,196.0,1,-3.4,1,5.0,5.0,0,,
0xd46979f07f5d1e86ae2dcc5e6e0f3af5fe270471,0,4,3.2,5.0,0,,
0x2c763f89da23c4068c7bdc20adcc9783cff30888,1,196.5,0,58.1,0,0,,
0xfddeeade7880dd65a400579b0c2d7af49214fb23,7,122.8,5,-70.2,2,22.5,40.0,0,,
0xed02f16a57c32a08b55d923bf4690d200722f462,17,42.4,14,-44.9,11,9.1,15.0,0,,
0x5cbee6bd48ca02d59a0dd8da941649c2d54346bf
0x47add9a56df66b524d5e2c1993a43cde53b6ed85,15,12.1,7,-55.9,4,5.5,6.0,0,,
0x69eb16da29deeac170613a1cacb34227fc15f956,9,10.4,6,379.1,2,11.5,20.0,0,,
0xbec6e4ac010114e515483060fda81cf9088040ff,2,483.4,1,-79.5,6,14.2,25.0,0,,
0x154ed1518027a26536905a2c4551956d6203bbf3,3,6.5,0,14.7,5,8.8,16.0,0,,
0x95918210f648cfe9e1e0973854b2064c0cd6ae3e
0x2f7eb45927a2076d52e00463d8015a360a495405
0x17c3f5c10ce212a4e86d9226588bb6ab6b961197,11,6.3,8,-55.4,2,3.5,5.0,0,,
0x10c4f3f0260fcf457deabd2201ee1cdbc13e0f9f,0,1,3.0,3.0,0,,
0xc8a50167658f73a02e282dbb8dab43d7b0abe3c6,0,4,11.2,20.0,0,,
0xb81dc522592261fc1fb9faa5c5147e81a2eace82,5,75.7,4,-44.6,1,1.0,1.0,0,,
0x45974824c1c4e4d797aa8d057a5499b46cdefe33,8,0.7,5,365.1,3,17.7,40.0,0,,
0x16224283be3f7c0245d9d259ea82ead7fcb8343d,11,70.0,9,-4.6,5,7.2,10.0,0,,
0x570d17966ff2c66d55b62097e5f75b5501bbbc4f,0,1,1.0,1.0,0,,
0x6f6b7fa2349d40e3aec7cf198a6ec1321ac6fb29,4,9.2,3,1.8,2,4.0,4.0,0,,
0x29d2b45163361cf490d7f1263fb033e1f19191ed,14,17.2,12,-35.9,1,40.0,40.0,0,,
0x27d05c41154fb3d2195693e2e71517418a0445c1,1,24.8,0,-2.0,2,14.0,15.0,0,,
0x63088e34cc6440e93c9c2bba1f369ae953941a85,1,10.9,0,133.2,1,30.0,30.0,0,,
0x2cfe501f49df9f5131ae649a59c897f027ea60ac,5,88.3,4,15.4,0,0,,
0xad572a7894c7b0ba4db67c2a7602dd3376d4f094,3,13.3,1,134.9,1,10.0,10.0,0,,
0xfb9cb291abdf8bd2a858bb4b76cb5bb3071f214f,0,1,5.0,5.0,0,,
0x4ce8c95eca8b6035fabf42cd5eed46f70c0cac51,0,0,0,,
0x923c7d65d54da70c8462b32215fbb0665f6807c2,0,3,3.0,3.0,0,,
0x1093017072fc2c411ad14c80fc0de07c6d51f71c,0,0,0,,
0x8766d3c675fcf49bfd6b16a1f21186cc7e9fcdb9,0,2,11.5,20.0,0,,
0x078cc4caa131eb9d6d3e31847946d5f37fd3f58b,0,4,6.5,10.0,0,,
0x003492a23cdf0247447b11b4084502fdd4be3b3a,0,0,0,,
0x067c14b41eacc18eea90099006f47dacf0a69746
0x0359b52496955b2a214c470cb5c9d4998b4886eb,0,1,2.0,2.0,0,,
0xe1b4e4d6320c65748a1900cf0329cb7221959d8a,10,2.2,7,-18.8,1,5.0,5.0,0,,
0x23deb63c5f448cf4e0b1245bb973b06ad2ebb589,5,47.5,3,-52.4,0,0,,
0x6f83ab8890ed38bf38a31010aa9a5e9ca743bfad,17,32.5,15,-77.7,2,2.5,3.0,0,,
0xc757065ae8cd8163b98382b4a3284b80aedff6cd,0,1,10.0,10.0,0,,
0x4b4cdd2dbe1ea93040f8834f9e4a1c45f72c9a7b,0,1,2.0,2.0,0,,
0x85d48e326cb3db87e32af9869424c05165180915,0,3,16.7,20.0,0,,
0xb48bdcdab4643724fc8cf0c9cceb088d511d6f77,16,15.0,6,-6.4,3,14.3,20.0,0,,
0x0a00c737a62dc3897a4996a3161d5c21589de027,0,4,1.5,2.0,0,,
0x655b62e1a4ca9cfe5c761b8dc3defda98be41e9f,0,1,1.0,1.0,0,,
0xd96d7ba2182439b6dc4390e82f8f7a1867f04d86,0,3,10.0,10.0,0,,
0x326b0731cc914cbd222cd160d5022f0e9bde6e51,0,3,10.0,10.0,0,,
0x2339dd452eac58b076ccf19a1fe502a7d473b122,0,1,40.0,40.0,0,,
0x6d0f45ff715be94632e4f15b81714836ff034e23,0,8,4.5,5.0,0,,
0x6e4d47dad1e97833f4ecb0ef56347ba8e6fd1c0e,0,1,6.0,6.0,0,,
0x49454743b0d98010e5fd622dbb6fde4571bd16cb,0,3,22.7,40.0,0,,
0x275a0ba45c7f133211809e1cdd674fa07011eeed,0,4,3.0,4.0,0,,
0xc393d444d2507105e0e44ef22fccb1dff3b7ae15,0,0,0,,
0xc5f670cc55ed46815118428261025919cb4e1a63,3,202.6,1,285.5,1,3.0,3.0,0,,
0x3a81cce57848c2b84d575805b75dbc7dc1f99ab1,7,44.1,5,-37.6,1,3.0,3.0,0,,
0x5fca80bf90bdbb75ab4b209ed6272a1ba69fa71c
0x0423b4b2acb4f219ae4a270abd5dde2360e455bb
0xc626d0eb71655bbd976bff7351e00bf12033e7f1,0,1,24.0,24.0,0,,
0x5c02b83db2fc50d1bb322cb3b2df518798bdbf3f,1,216.7,0,-54.3,1,10.0,10.0,0,,
0xee2b4aa53ae2b72c2c447b1bdd3fd6c7980c49ba,15,1.4,10,-75.5,2,10.0,10.0,0,,
0x20695042ad37fd25c834c708f21eec3104f74525,1,19.8,0,-20.3,2,1.0,1.0,0,,
0x151ca3a8efbdf449b4fedb4ff6281dc7c29aa1cc,14,0.3,7,-48.3,11,8.1,20.0,0,,
0xcb15941180ed7cff8b3547117eca6b78cbdeaf9c,7,1.0,3,-82.0,36,7.6,20.0,0,,
0xa48bd61cf05a51935842c077f175a53fae49b3a4,0,5,3.8,7.0,0,,
0x4cf425bb9070b90152215fe042b1719ceea14027,0,1,5.0,5.0,0,,
0x31115e093856fcd2d0dbc774fd646b159bcb2127,2,16.2,0,-20.5,1,2.0,2.0,0,,
0x64f4e14a603a6383f459e16f4781a6b30611dfb8,3,60.5,2,-36.8,2,5.0,5.0,0,,
0xebfcd64ff9cf896f05cdc48b5b4285afb4b4e089,1,219.1,0,36.0,2,1.0,1.0,0,,
0x6660df2c57702fa8fe4736871a25538b0f53d76a,0,38,6.5,20.0,0,,
0x62469784e0c483a9c38d73f47276d9e137d3cd07,3,37.3,1,-42.3,1,3.0,3.0,0,,
0x1971c27e080b21aa0eeef71203a3ff2d29eef620,1,115.2,0,-65.2,2,7.5,10.0,0,,
0x29ac25d705966859a33e7957d8c56c2c6736ac0e,13,2.1,6,-39.9,0,0,,
0x15a141990fc6591838646467273c41c92999772f,0,5,3.0,3.0,0,,
0x2171b50becc88d34254c7def78e8e08f9d82887b,0,5,5.0,10.0,0,,
0xff38cb2441966164ffdeedbc27e547ebdc4b2cb1
0x65c6b7f0e9a6f72b351ca133e510a2329d047dbe,2,9.2,0,5.4,6,4.5,10.0,0,,
0x34efcd07bb59121a9b6011097f7845302654febe,1,57.2,0,-6.6,1,25.0,25.0,0,,
0xce7c851f49d96ab3a7465b844c0e6818531ae3e4,0,1,40.0,40.0,0,,
0xdc6e251c82e1f1ae93a219822f7b39b445028cb7,0,2,3.0,3.0,0,,
0x723c8b18cdf34e3bcf878bfc8520c3542ea62348,0,5,3.0,5.0,0,,
0x8a5cd8bd74ab3f205ddcb3b73b2f66deadc6827f,0,17,4.3,10.0,0,,
0xaf39702bf04244d220e49b93a97f20528f2276d5,14,193.8,13,28.4,1,40.0,40.0,0,,
0x3124fc99fb42e80663733082ac73a83a1dd5b7df,0,5,1.0,1.0,0,,
0x89a289b2e7436ddb73d00812f9d904d761243ab6,0,1,3.0,3.0,0,,
0xc0cecc9cc4ab23536045a65c91dc962a04234ee8,0,0,0,,
0x11fb0d184263225aaa55a2310bf911559a019540,0,0,0,,
0x435ea5582e97b68468fd1e8472b230037cf38003,0,1,6.0,6.0,0,,
0x58de5346ad184a998c6f572dd2ef17cb55f30fb5,9,153.0,1,-37.6,8,4.6,10.0,0,,
0x2bb1cef27f01beaa288be114c7be3399b0d7cb4e,0,1,40.0,40.0,0,,
0x6fbb33de5f39c690d2decb95b9ab46ed0c83e3bc,0,1,3.0,3.0,0,,
0x12f27896aa98c629b142d181587fcd72f5f7901b,6,4.8,5,3.3,1,20.0,20.0,0,,
0xc3b1bf1f1e6fb8161ef4dc2f34e2c56f70b94b11,5,4.7,3,22.5,0,0,,
0x8825e6ed11c7f9c0874579c9f4bba192b9e81c8f,2,53.1,0,-33.8,22,6.5,20.0,0,,
0x7e19c25679a5f4cc1351e80d428ebe6df929adb1,0,4,16.2,40.0,0,,
0x9f87c524bfd234051d3b426cd8469c1968946a9f
0x51a3ae53b422b6bf23393fa4c73081bd25d7f591
0x838cd7e7623e9d142344755c33bee33d2f3e8a67
0xb9149106c190095f0e548ed3fc436b8684e77029,4,57.9,2,41.0,1,1.0,1.0,0,,
0x44ace53abbdad763e91158d30a2ee42b27355f22,1,49.2,0,-0.3,14,11.1,25.0,0,,
0x489e497051e47ed025f5ccb9fb93fd7a1eab66f7,15,16.4,13,102.4,2,8.0,9.0,0,,
0xab43d868b92a7ef025fe2f21344ecaa7a7fffcc1,8,76.5,7,-35.0,1,5.0,5.0,0,,
0x9db9f4023b655bf3fbb011234eb726b1c70f2636,0,4,8.2,10.0,0,,
0x70342886c6f47777c7b63e062c5b77371e270084,14,7.9,12,-67.6,1,3.0,3.0,0,,
0x3bbe8e02f72b10c9698a6e4375b5a19e53fc5b40,0,1,1.0,1.0,0,,
0xd23f5612fc36c4bd99bec7569c180af068c4ecbd,0,1,4.0,4.0,0,,
0x919e02c65b1e524e75c5324cf6b86623db25252a,0,7,13.3,40.0,0,,
0xa982962e98eed57ef33c51b45a5a6b9c30bc9ac2,0,0,0,,
0xe3f1436e1937814256e3db7fa7d39bc554eee7ed,13,249.5,12,-0.5,3,3.7,8.0,0,,
0x79914208fc06eabb0a94e595c9a5f9da0551e3a2,3,19.1,0,-13.0,0,0,,
0x14430464ef80c094ab09b78c89646c2ffb5d7c73,13,2.1,10,-72.3,1,10.0,10.0,0,,
0x01934c64689c15daaa9335bf38efdd6b3edb788d,2,33.1,1,421.4,1,3.0,3.0,0,,
0x3f96c4df1e76902985d3dbd979af54b487f29671,14,26.2,11,-89.0,2,1.0,1.0,0,,
0x253b1050874105bd600b1e22a5d1b55393adacf8,4,13.9,0,-63.0,3,11.7,20.0,0,,
0x2a8f0c365236a6c7141239010b6c30663a13da5b,0,4,6.8,10.0,0,,
0xaff7a6bf3205a031daeb9dd5b0c7f8f1f6dfbcd1,3,12.6,1,30.0,6,8.3,20.0,0,,
0x6608673b607c5f648c347014df5ab1a492d7281a,0,0,0,,
0x7839e2f2c375dd2935193f2736167514efff9916
0xaaa8779dd34897835ce94bd4ebe3afbaf4cbd678,4,3.0,2,-59.4,4,9.5,15.0,0,,
0x35cb1b52f95c9d6325abfc239a14a5f6b6173279,0,2,2.0,2.0,0,,
0x82793a3c4d848dc02a7ef1c5ed842fb214a89ae4,0,34,4.5,15.0,0,,
0x8b87caccb7913988f39af5890705ea9f7d079c3b,5,4.9,4,-63.6,2,4.0,5.0,0,,
0x2db5cbda42b313f7cab166bc5ff317494d5be8cc,0,3,1.0,1.0,0,,
0x7a26c8c737efabf5b4edbf4938a6fa9224aa3ac8,0,1,5.0,5.0,0,,
0xd7fdc630544f5212a26e63f83f20f0a5b138154b,0,1,20.0,20.0,0,,
0x17286a34d2b2e842cd38da74bc079c1f23992b1d,0,0,0,,
0x6d79d6cfcf088e876a01561b5c264a00bb8e6c95,0,1,3.0,3.0,0,,
0x0db1b7991f448a96b26e3af447cbb500191d8136,1,13.4,0,-24.8,2,8.0,8.0,0,,
0xdd9e35c8cd79b886d969c8573f6ae09e85fd9112,0,0,0,,
0x7af7a67918b49dd5933c56b0c4a5fb73499bffec,0,1,40.0,40.0,0,,
0x35a712499cd4dd96848c7c1aada661880a3282fb,10,16.4,8,-42.0,1,20.0,20.0,0,,
0x758e917f9555dfd785166dba2906868946e841a4,6,19.1,2,374.9,1,10.0,10.0,0,,
0x1351c59a469dd5ec4ce592b8401b501fed2eb15b,0,2,13.5,20.0,0,,
0x100caefdee7e490ad26befd1a6bf4de3ceb9d719,4,50.5,2,72.9,0,0,,
0x3aa21f7f7d541454624bcea605ff5e704551cd00,1,17.1,0,-1.5,0,0,,
0xcfbbd3262dc3123135d2b0aeabde7a45aba4a320,0,2,3.0,3.0,0,,
0x2a9636d56e9f9011410d722470dfad4893000a65,0,2,2.0,2.0,0,,
0x0c81ad097db0a529bfe5b6e2253e59bc4b9660a8
0x707076fb70def4b49a4765a593e86cd65cf2fef9
0x639c8d8744f66b1cf9ff9a5776d92b9e498a9aa9
0x88944ba8335ed31bca1259398a533c8b907bfb75,4,4.2,2,-69.4,4,5.5,10.0,0,,
0x7aa335dd4b35a47e4ac23e6b9201893665c3c12d,11,19.5,8,349.9,1,3.0,3.0,0,,
0x5ed3bff80debebaf61702ba46f146bc89569fe75,0,1,4.0,4.0,0,,
0xedcc6d14b66ff9f370a5cd0db831c88c5ab57b0e,1,50.2,0,441.8,1,3.0,3.0,0,,
0x9c57932f9becc01af755f5128486627228bd6d33,4,20.1,2,-42.9,2,6.0,9.0,0,,
0x4013de0e6b12156a805df265b502d24e231a9cd7,1,99.7,0,3449.4,1,40.0,40.0,0,,
0x9e21ef588a535dcb53c02945401697fa76bb3a76,11,33.5,10,-50.6,1,2.0,2.0,0,,
0xed1c710ad28e9aca013178a4e8d43a580b4b0dbf,13,11.1,8,-38.8,2,4.0,6.0,0,,
0x4d9b262015d2909cf5b99a2f82fa167bdf65a08c,7,10.9,5,344.9,3,15.0,25.0,0,,
0xcf10b967a9e422753812004cd59990f62e360760,0,1,3.0,3.0,0,,
0x3a6964ccaa0d06d1d3a31e637da89b7a25153656,17,9.7,12,-74.8,4,7.8,10.0,0,,
0x7a8fd929ffc4a11457cc854a12a03bc9d493fe7b,10,2.8,8,-52.2,6,3.2,4.0,0,,
0x39003e6f73305d5593acbdf653c3219ec9f25153,0,3,13.3,20.0,0,,
0x192a09729d522f52dd53a7acc20f7d1a88981f5b,0,1,40.0,40.0,0,,
0x70ac3a678b256894464e017c5331fd63b429cb7a,0,0,0,,
0x9b1a283ef7937e5fa793ca3bc45e2c10b5a1e152,0,2,22.5,25.0,0,,
0xf5996cfefd48a664904d5e1f4729227b600e7a8e,7,7.2,3,224.4,6,15.8,40.0,0,,
0x057a15fde1c41caaccd2d8dbb6df450d9c8fce28,1,67.3,0,44.0,1,5.0,5.0,0,,
0x986f445c803f1212f22ad3533d75f8baa1964cb7,15,8.6,10,-55.4,7,4.4,5.0,0,,
0x5882f7d307ad96233c99591c1567a535eb9d8ec3,0,0,0,,
0x6d6eafb09e74f1cc92cd036e9531c7e50bda62df,0,4,6.5,10.0,0,,
0x6f71a189d40fb6072d0841d5f34b22738e8f4748,7,20.1,6,-40.0,1,10.0,10.0,0,,
0x011820f60d75a2b870ffe64a4764873e14bc8ede,1,32.0,0,-52.8,8,9.5,25.0,0,,
0x7ecf4324a10e7386f7585146ba8356eba206f450,7,39.6,6,-58.8,5,4.8,10.0,0,,
0x4a83cfd6fc5755678374482421c5575dbfda493d,0,1,20.0,20.0,0,,
0xe6fe2362f915d627ecbf401b0ceef3dd2b2b79bd,0,0,0,,
0x14ac420cd96df3721bc916e9e411f967ee8efc71,7,4.7,6,9.8,1,10.0,10.0,0,,
0xe99c10276e38c5d1604ae375dbeec32cf36f708f,16,0.3,13,16.5,4,7.5,10.0,0,,
0xd7dc29918d5869a6715e94338316529d5847a6f9,9,0.6,4,369.9,7,4.6,10.0,0,,
0xc3a00008bd20e42eacf2d835741745c0e1944bf9,5,66.9,2,2.2,2,7.5,8.0,0,,
0x9ac388b0081a108252fd9a49ebd50c329e0b25f2,0,2,10.0,10.0,0,,
0x72bdbc7916487bda1ed38499b46ea73d1b3aa1cb,2,391.2,0,5.8,2,3.0,3.0,0,,
0xa4c3a8e640e220a0ab999af2f4da1e658d05b8a9,0,2,27.5,30.0,0,,
0x37b0d88802ba03024ff46f596589da0b9b1dee0f
0x01c0255d63e287cb0006328de58aa2e60d147bee,0,6,2.8,3.0,0,,
0x1d14c6221aa536eb86360b611089d881cc5cd4b3,9,1.1,8,62.7,1,10.0,10.0,0,,
0xf55f10b83bdb21d5f6b7449d4ea3589a8ae30d3a,0,2,15.0,20.0,0,,
0xc5954dcf13dd9bf92b569fbd14e1068be53d768e,0,1,5.0,5.0,0,,
0x1060b391b4e0c3959e7bf98ec4d9ef21b001cc46,6,205.9,4,-42.1,4,6.2,10.0,0,,
0x2813e798d08a31361772a8bcb66db6bd45535d67,2,12.8,0,-2.3,4,3.2,4.0,0,,
0x5e70f9cffcc9a35b1e62d0a369753944ab669d84,0,0,0,,
0x3e8ad2710f8e424dbae5d5f8efcf872abdc88d9b,13,18.2,6,-41.2,2,5.0,5.0,0,,
0x67de2ca476b6cb686a2000f4808b60420e22c109,7,211.5,2,-13.3,3,4.0,5.0,0,,
0x52014b1c2c763a8be56344b7d61253e1a763d567,0,1,5.0,5.0,0,,
0x5b7a3947ce4748a19b334d8003559c474d42b1a0,0,5,5.4,7.0,0,,
0x06e124df32d6ae6b66810b342351caea53e63377,0,5,6.6,10.0,0,,
0x8128f1338d1ca22d4f17258e3171f0e36d859e19,0,1,4.0,4.0,0,,
0x147e2686f683652cca745a991351b14241a7237c,0,1,4.0,4.0,0,,
0x80df4bd049d1addf62f1774dd3823ea777d5d9b3,0,1,1.0,1.0,0,,
0xcb2d7a55dffd644ffdd0fb8180433ca530b47e67,7,0.9,6,-12.3,2,12.5,20.0,0,,
0x755b51bd64672a1509ebde6de6840fe5191b9027,0,1,10.0,10.0,0,,
0x1c1f611419a59df8f2095492c443203c09936937,0,1,1.0,1.0,0,,
0x915f49be1efad69bf644a500274db9b7ec24840f,2,17.4,0,4.2,5,10.8,13.0,0,,
0x9b9390d15958f39af20d2634a80e57feb3bf1be2,0,1,20.0,20.0,0,,
0xd9c3ec37e2dc1dd749e65fcad49e7cd6a74ac321,4,331.4,0,16.3,4,17.5,20.0,0,,
0x7079b5814032c0b02425135f06f32a0084cdf2d2,0,2,25.0,40.0,0,,
0x1f82ef5d1d93cb4cdadacc3870465b0175bad1c8,2,0.3,1,132.7,0,0,,
0x804a759de036c5dbfb9d2e981f29ccb00f4b7ade,1,141.3,0,62.5,7,7.9,10.0,0,,
0x57bf3b0f29e37619623994071c9e12091919675c,10,76.9,7,1.4,1,10.0,10.0,0,,
0x71a0a11338e0eecd035585f2fc9e44872b537a41,0,2,10.0,10.0,0,,
0x7e4858238f174958ca6539d6a2646b4be421df65
0xa5673f5caa62f13b6fab44ee7c08da99808cf3da,0,0,0,,
0x2b4aa100064129eb4328cda34e985b93ff2b7045
0xff3fab25b86af8c78e15dc2222cacb3f84daa619,1,239.5,0,75.7,0,0,,
0x03cd3859327e9821adb61f781991ea564213aabb,0,6,6.3,10.0,0,,
0x163543d3e3c7ec7f3d4ada91647f53b8a2987531,0,0,0,,
0xbec6330459d2b113942269492a00d254f4bd2bff,0,2,2.0,2.0,0,,
0x5cd4bb2a9f502d68b7ff2d4bd8b963d6b253d35b,8,18.0,6,7.8,3,16.7,20.0,0,,
0xd9dd4399d401a773430604c4e3adc20db816a728,0,3,2.0,2.0,0,,
0xcf9381f613f160a9a17e936b8de511344fed393a,0,1,4.0,4.0,0,,
0x4655ef87c1eab368fb41f6fa2c7ed78159950f00,3,99.6,1,-76.5,2,2.0,2.0,0,,
0x882c6c15b8ecc1f579334d0f52ce132635f6d464,13,0.0,11,147.1,4,11.2,20.0,0,,
0x790a8c8a288db0526759d369de09a777e018795f,0,3,2.0,2.0,0,,
0xad5455057feac38a2dd2210d0fac0854d1eb6203,0,1,10.0,10.0,0,,
0x1255527962f97b0251930153215d9e8af3503c3e,0,0,0,,
0x21348bd5a775f851a9303f10ddb1c8173276233e,0,6,7.5,10.0,0,,
0x07f1424ae4f3f7d11c4b165bd67c6a9cb41cedb2,0,1,2.0,2.0,0,,
0x02e1205e87032f986640226f5388041a59e5f098,1,31.8,0,128.5,2,10.0,10.0,0,,
0xa0d95f4d1df078c257039d3fca9bf6fd5d971fc6,0,2,6.5,10.0,0,,
0x967c1b8d3777d16e3dd576a708ad69722b892acf,0,3,2.0,2.0,0,,
0xd3765d4a891e1d02b799c6cda4962d9b1910023a,10,10.5,9,13617.0,1,20.0,20.0,0,,
0x42982dafd5577db35255bb1dab0b288464844de1,7,9.3,6,-58.0,4,8.2,10.0,0,,
0x2322f8e13d25e1c997b060bc5cebc9634f8a895a,1,0.2,0,-20.3,4,15.8,40.0,0,,
0xefa3651ecd4b14770ba484fc552b46535af73bb8,15,853.2,9,139.2,3,4.0,5.0,0,,
0x7255e02daf5481a6ac9dc541dc3c4b0be8171c7d,0,1,5.0,5.0,0,,
0xfceaf5b6e735a6cee161d154cd1fa8cba51c81c6,0,1,2.0,2.0,0,,
0x26407a88d2f1d894e05bb7bd3807a48383c0e527,12,0.7,8,-64.9,3,8.7,20.0,0,,
0xe7f534193106a0ac7fc8dc2914a943d88d5a7ded,0,0,0,,
0x43dfab48d2b6351b1933879f0b9e06748b3e96a7,4,196.0,2,19.8,6,5.5,10.0,0,,
0x8ec425a78833bf28449c789dd6eacd34c7baad98,3,18.9,1,48.9,3,18.3,25.0,0,,
0x9f499f74902d52cd4e1a191083d96726ddfd8579,0,2,10.0,10.0,0,,
0xa25ad5491169382fd7332bd45f7bb5f18d22e707,7,12.7,4,-28.8,3,3.0,3.0,0,,
0x279dbeaae93533a5c4607712b027b04aff62d625,0,1,5.0,5.0,0,,
0x0faef09b4deaedb0b99d68131f76acbef7cb4c8c,0,4,21.2,40.0,0,,
0xb6256976d6898b3fffae5f02259b1c743f39e661,0,2,4.0,4.0,0,,
0x143d7d57e6c436326c2e8fbfff4e38a1d53f77bc,12,14.9,10,752.4,2,22.5,25.0,0,,
0xbeac67cc882dad6003b5a67a986249aeb17ac264,11,22.6,8,-27.1,3,15.0,20.0,0,,
0x52f2540578e878e39b37f1915056bc13ecb7923f
0x8d4650ff52aed840b56b871fc9a275caffc5a471,4,2.8,2,-41.4,0,0,,
0xfd305023168c48bbbd5ac35f50138306c337d2b6,5,193.9,4,-41.3,2,15.0,20.0,0,,
0xb45a980bb4932a0b8193503d004f121942b8f4ef,13,118.6,5,1438.5,3,5.3,10.0,0,,
0x5290ab34acb59cfe1371baa5782eba14433d308f
0x70e76a2090170a1ce5bb7324830f08b32eb2c0a3,0,1,5.0,5.0,0,,
0x6d8d294b861ea6ca3084ee86b749b23589213f2b,0,2,3.0,3.0,0,,
0x9333c471fb0abb0a189189933bfc0d1a4584c9f7,2,18.1,1,-57.3,18,2.8,5.0,0,,
0xc6fb2e547a8aea00d493d46309c9ec6bdd05c55d,0,57,3.0,3.0,0,,
0x488e3207db621a5cdb527d35f5ce81cb6e4dc819,0,6,20.8,40.0,0,,
0x6a4fd7cdc7964f396a0b672254e14ee43b5fa59d,2,2.5,1,128.9,1,10.0,10.0,0,,
0x19e90c5331a747661bdd2887a6f6156a1eda2ef9,1,96.7,0,42.4,21,1.0,1.0,0,,
0x7b7736a2c07c4332ffad45a039d2117ae15e3f66,1,0.0,0,525.4,1,2.0,2.0,0,,
0x07c479aeafbcdcfd587a324a0a4ff0a10c9efa3f,5,17.6,4,4.0,2,2.5,3.0,0,,
0x16ddc798dec5b0a66bd05956fd51d30bac7e5eab,1,20.0,0,-16.2,2,7.5,10.0,0,,
0x3a1bf5746cf2c47e570ef4e6cca27be9cc0e6833,2,71.8,0,-11.9,5,1.0,1.0,0,,
0x362b35a1457a227116eb2bbed9bcfc9a190bb848,3,16.5,2,23.0,2,6.5,10.0,0,,
0xc43bbd40a1bf61e27315682b8e0bad6243a50708,16,115.0,14,83.5,0,0,,
0x6481d30058eb3dbff8d6cbfa5e0842b6c8d360e6,0,1,40.0,40.0,0,,
0xb4df30a0e9febaf135b4c6e959255fde0f62eb4b,0,2,6.5,8.0,0,,
0x51d4c05a60e427bb7d04de7ba6bf78f25302c18d,0,1,10.0,10.0,0,,
0x21ae49c55c7542b5a2ed20e766d5d01114dda356,2,56.3,0,-60.6,2,6.5,10.0,0,,
0xcd90a06db921de43f226be494448a82b862c9938
0xe7c3fb186ccc1ea9e2b562363cad35af9d8802ea,0,5,15.0,40.0,0,,
0x5c5901190d1e9e472e8af0745464b9f8d1ac02f0,2,87.1,0,422.3,0,0,,
0xedffa1ab55a6dc40aa82c46daef13f184a1d39a7,5,59.2,4,-57.9,2,3.0,3.0,0,,
0x048d3a6ac78acc7c342b482bc767f5110cd866ec,17,237.1,14,-24.8,4,2.5,3.0,0,,
0x63fea639f62c51888e41434640f7707d638901f5,0,50,8.4,20.0,0,,
0x990a515fdd5917049a1d4fb0509d7bdb4e8f5a6a,3,150.6,2,219.9,1,5.0,5.0,0,,
0x400c3fb4305cf00d4dcf6cc5a99184999ce51ece,6,0.7,5,90.1,1,3.0,3.0,0,,
0xd760cec401fc5e2140e7e93487f9960e27277d61,1,455.8,0,-29.1,2,3.0,3.0,0,,
0x7b72d9d0d0b09130f260a5e1e0b06585ff4f0273,0,1,10.0,10.0,0,,
0x4af98ae1457c2ab4a01f9ab130e69cf0048abaa1,0,50,8.4,20.0,0,,
0x89f81b07485d774891eab82316dd1f666a4e5bd5,13,0.6,8,60.8,10,7.9,25.0,0,,
0x55256a783e7702c800fb16cba79d0998f6e13a49,0,1,4.0,4.0,0,,
0x48d24b9cc75f762d9282efc5c5ac663ae20ea8b3,0,1,10.0,10.0,0,,
0xa4178e3b8d7799cd472ceeb63b302b4a1344da19,18,0.3,7,-81.9,0,0,,
0x7c5dae2a4134de9ae8dbeb734ec3b3ce45ab4876,0,1,5.0,5.0,0,,
0x8a94c69e0801c800420f427b9015f6e8664c47d8,0,50,8.4,20.0,0,,
0x47e685ad40d259e5c7a81dcfed4198749e7f0dc9,17,11.7,16,-21.8,1,12.0,12.0,0,,
0x0c52b977ea72930be2722f06c1e21517b250d587,0,5,1.0,1.0,0,,
0xb743650b4f77bc022e0f5cd7dd7b742d791c521c
0xd0bc2d8b1dd8ea9d44f0a565f23cb989ac8c464a,0,50,8.4,20.0,0,,
0x69de186811bfbea89e569cc963e3c2b6a7919635,0,3,25.0,40.0,0,,
0x4fd58b9eef73aaf8bea61c8632e9bf128a0e80c4,0,0,0,,
0xdf48ffc22df25197d86e896f259c9ffe1cf5a7c4,0,0,0,,
0xbd77fb32cef4be4d9b8be2caa25d9a94ff5bf525,10,0.7,7,-44.8,56,2.0,2.0,0,,
0x735ea75f8de325db9e6c1b0ccf95bbc136a608f3,0,5,13.6,40.0,0,,
0x36e54c5af9fe67566f8be7838c5ee8a3403e51c1,5,16.3,4,410.0,4,13.0,25.0,0,,
0x28cab56685d713135f14928b67f9fd36acc9abf5,1,76.1,0,59.3,2,4.5,6.0,0,,
0x85e410e4c535cb1709dbd36468f132037a5b2087,9,0.0,6,4,14.5,40.0,0,,
0xe6e65bce41e7b66997da4a043a7683b1c5fdf7b3,0,0,0,,
0xc6698f97ca58b0f3edecd9a3aa75a3c43a734650,9,4.3,8,-24.7,1,15.0,15.0,0,,
0xe2b1755c08a1f0489de8cc11140177cfe7ac1af8,15,0.7,14,96.9,6,4.3,5.0,0,,
0x08d04ca4a84eab20b43bd74671db8e46b745488b,10,17.4,8,-88.5,4,3.5,5.0,0,,
0x767467fb2987864924dcedcd5edefe419d3fd05d,0,0,0,,
0xa36a5e95d0471aa6ada2098820c3041be82fe780,0,1,3.0,3.0,0,,
0x521a0fb852a4ead9bc5f8bfe8394442aa02aa11e,9,12.8,7,-45.4,1,2.0,2.0,0,,
0x2f37eb7b55777f6111248157b771e13a9271d1ba,1,88.3,0,33.8,1,10.0,10.0,0,,
0x9ff51f28e5c2819c8a48069c467df0e512abb5ca,1,21.2,0,-59.4,5,10.6,25.0,0,,
0x87076393824047ae24803058ed5ba796f152f46a,0,2,5.0,5.0,0,,
0x778a089374cf94f372958ad26a0b7cc397c0236d,0,2,15.0,20.0,0,,
0x5cab8b485d84ca6e1531a920b5d4fdbeb412688f,4,4.1,1,209.2,4,5.0,5.0,0,,
0x3cc9657aabb40424403600e1f1451fbc73da47c4,0,1,5.0,5.0,0,,
0x821d079bb20c36207527db864a5dd43f83659222,0,4,1.0,1.0,0,,
0x081d5ab9e46612f1ec16e716bc8d130cd920a5c9,2,67.1,1,41.7,3,20.0,40.0,0,,
0x28280399d9afd68a3555c65ca6a75a1bd55693a0,2,74.8,1,-18.8,4,11.2,25.0,0,,
0x2e2b407a5a9faa6e3385332e7a24710f15f2b4d8,8,1.1,6,72.9,2,12.5,20.0,0,,
0x76f5ca620db55b137e4e08dce2ee9db5042cddee,11,22.0,7,40.0,3,13.3,20.0,0,,
0xe7b52935686bc5e44f9886ebf2bd994aedc29415,0,2,1.5,2.0,0,,
0xa9c58107a1dd555776432366abedfa81a8ebf057,1,7.6,0,-78.5,0,0,,
0x1ceebac922090aa806a6a7b1cebd269b9aa279c1,0,0,0,,
0x69c8d0fc174979cf3c7b0a1f04a1391474e06a8d,8,118.0,3,34.8,2,4.5,6.0,0,,
0x52d6c48ef023678c3127552564ba4edbad02e05d,13,222.6,11,-51.2,2,17.5,25.0,0,,
0x40f832b71d2c525a9aa4b4908ec511ed93c8a308,14,47.7,13,-68.0,6,6.0,10.0,0,,
0x6336668738f86420484c37ee954a1c006a7be431,4,333.0,2,29.9,1,1.0,1.0,0,,
0x95a4e9b1e5f9441c58262354a8c361dbc91c3b60,0,2,1.0,1.0,0,,
0xfd7d02e748a113e9ce9586f48595b8e5cff59f42,12,17.9,6,32.7,17,2.5,7.0,0,,
0xd32a233600e236a2130f9a08ceb0d4f6b11f6e33,0,2,15.0,20.0,0,,
0x15009b884f398b50721cfbf78c7a67fb77af9dbe,0,1,8.0,8.0,0,,
0x0d15525acdbc08c94c662267b8f1705c7ce162f6,5,232.5,3,-25.9,0,0,,
0xfe3961e9b06931abbeff355eb81e396cc024bcd3,1,97.4,0,3736.2,0,0,,
0x7e15bfafbbb635b81ac9c5ff0f00159ba286cb02,0,1,2.0,2.0,0,,
0x88af5bd0e9c2c6fc81331d1aed32e1c37bc99dd4,0,1,3.0,3.0,0,,
0x3fff274299400dac9cafc669199bf7a2e0b2a61d,0,3,5.7,10.0,0,,
0xd3597e35e2d56c76e7f233a4351284ee727acd3f,0,10,8.1,20.0,0,,
0x9c54a0cba7aeb5d84020b02bdc8c3ae5ff65dd8e,0,2,4.0,5.0,0,,
0xe5e096ff9413971c6b2377e7811af53e82ca4d70,1,4.7,0,-19.9,0,0,,
0x6bc1341f6b601a4325e076e59f852e993108020c
0x5aed8668df653debf2c0969755af2bbda5e27e5f,4,0.0,2,1,40.0,40.0,0,,
0xca5119e6aee0b71c7351701ac67e66032e3279c5,0,1,4.0,4.0,0,,
0xef239531aaa29a71404dd3de884d62dc49f1bda6,0,4,3.0,3.0,0,,
0x7a38793dd3d879a96ca168414694ffb073ebdd1c,0,0,0,,
0x7146799ca0c214a800444e6a8564a690548d6fef,0,0,0,,
0x631cfa4a1add1e7f017c73b1317e7cbc9eb2fbd3,0,0,0,,
0x782880ed751aec786eb67cabd56e0c6c9a6a88a2,13,0.9,5,-96.2,3,5.0,5.0,0,,
0xe76065321bf27cd32409b40d81736bc3b2c6f78c,0,50,8.4,20.0,0,,
0x77eb37304fb2164fbf1c3e2e716e9e208abcda6b,3,15.9,2,146.6,1,40.0,40.0,0,,
0xe96bc9a6702006a30e4999a4dd559ad76d9a3b5e,0,1,5.0,5.0,0,,
0x4f0a01badaa24f762cee620883f16c4460c06be0,2,104.5,0,154.1,1,10.0,10.0,0,,
0x138a22ef5987a09c7ff8a7a755b1fecb62b28b69,4,0.0,3,617.7,1,4.0,4.0,0,,
0xa3a7b6a06b128be64a099c7fed49d778008eb48a,0,1,5.0,5.0,0,,
0x89a3eedd7d92dbe48946f0eb6dce759a64840471,0,4,21.2,40.0,0,,
0x5d097bd01e7479982ec81bdee09accbb0e763c3e,0,1,15.0,15.0,0,,
0x18657be4793cee1962d561e554abd5ef7906f0cc,7,213.7,5,-46.8,1,3.0,3.0,0,,
0x6529f35723a510f0a1e4f1bdb8c49843e2ddffbd,3,325.6,0,-59.1,4,3.5,5.0,0,,
0xc72a46181d93b4e89a90fb0b00ab0a39e9a8444c,1,116.8,0,2.1,1,11.0,11.0,0,,
0x410a608acaa0a9c6a4899b3e7d5738af04b75cc3,0,1,1.0,1.0,0,,
0x3d2b551c44bba75c280cc0ce1150010739a5c5dc
0xf9cf7bae980ce7b3b20aab6d4f31e317e409d679,0,2,6.5,10.0,0,,
0xb5c6af26e46fafc5cb4ba7edf7f2eafc425752cb,0,1,3.0,3.0,0,,
0xde6ae3d59e75f24dea7d73ffe3cdc06514632ea3,0,1,2.0,2.0,0,,
0xd58097a67e91cd410d0fda4ad7db2618c917fe30,0,6,14.7,40.0,0,,
0x0bf1e616fb0ccd72e403e0d45064b19968670d44,9,294.4,8,390.3,2,2.0,2.0,0,,
0x9cfd4f6490afa0f78a8179363d337950d3bc1d51,1,69.6,0,93.6,0,0,,
0x12a23a6a0cd25f342d7668fd0c38dcbdd87dd9a8,7,0.7,4,-86.0,2,5.5,6.0,0,,
0x77c1dca853d201165f6d8bbc66c7758bf620cff2,2,8.0,1,10.0,0,0,,
0x1e08253f267b5e985859b5cf469972326f191584,0,2,17.5,30.0,0,,
0xee743dfef98fcfa5064ce38b21f888d84c490360,4,332.4,2,-19.5,6,3.8,5.0,0,,
0x39f2299440a87c89761861777f8d9e803e25196c,2,177.1,1,152.5,3,11.0,20.0,0,,
0x938a861633993318a720b268db769b681af162e7
0x864d69e84bcbf88dc63c0333501b1db5d3fdbf28,4,175.1,3,73.7,7,8.0,20.0,0,,
0xc7235f2159af99b66ae72ded9d5c5f4a4d0059cb,14,262.2,6,-13.2,3,4.7,5.0,0,,
0x5224229f0668a10bd470d39b0a4e7fbda3900bd1,0,1,10.0,10.0,0,,
0x1ca1f89b8e647900dd286a42a37c245fbaa4782d,2,63.0,0,801.5,4,14.0,40.0,0,,
0x67681de1cb0577ada77abfcd6b0976c86606c454,0,4,4.2,6.0,0,,
0xd2d289f6546cae3b25dc2bb653ca9241818b15cb,3,57.4,1,4.7,1,5.0,5.0,0,,
0x5ffab11640f42352685c1a35e12500ec983920ae,2,331.7,0,-92.4,0,0,,
0xe0f13fd2f9d9e3e19bcdd667cb4f025655fcb5eb,1,61.8,0,6.5,6,9.7,20.0,0,,
0x32913453dba9e4d377c7b9f0037ca5891c7ce025,7,7.2,6,-18.1,8,8.6,20.0,0,,
0xb99b8711ec0117fc816fd7ac1f9d29e061ec631b,0,1,3.0,3.0,0,,
0xd0d7e244a65a4f51f346971e7a37d471ea242e40,16,19.0,6,-78.5,7,3.7,10.0,0,,
0x421369b1e3c27877824f50f24c2289e369d434f7,3,27.0,0,-23.4,2,3.0,3.0,0,,
0xb855198009132bc866237421803e670b44f8d2cd,1,203.9,0,-53.1,3,14.0,20.0,0,,
0x4078582c42fdb547b1397fabb5d5a4beab81be9e,0,0,0,,
0x339a9d7d7000f31af102a885089d3de936a4a8a4,8,4.4,4,-50.2,6,20.8,40.0,0,,
0x128f551d74c9693c2467376322c889a2e7b7fc3a,4,317.2,1,-33.7,18,1.6,3.0,0,,
0x661727b1952dfbcddc59767302fe42efe41a4f50,17,3.7,16,32.6,1,10.0,10.0,0,,
0x547e274d5a104df9580e36f0568423c3fcb7c991,6,5.6,5,-52.1,5,15.0,40.0,0,,
0x6f1ddd44fd6425f8b6befea6e17d32b087edbe05,18,115.3,11,212.1,1,10.0,10.0,0,,
0xb0614645e27961d6af592e3e67cf1c6e55a18330,0,29,6.3,20.0,0,,
0xac23a1432c7d87a4e34f58ee8c1ab592e08d4a0c,0,0,0,,
0x212486664c97344d4e92c54322926128f75086b5,0,2,25.0,40.0,0,,
0x45c42fbd450b5506f8dc819d46036630fe75b81e,5,47.2,4,-31.2,0,0,,
0x8213cb7bf77e71a74df890926392176b0517f52f,0,2,25.0,40.0,0,,
0x4a164819e99fe96bdf6f1ea538956219a6fecd02,0,0,0,,
0xc05ce9ac536088d25d253f4c60c79ef4122239e4,2,52.8,1,-26.2,6,19.2,40.0,0,,
0x3d21e3d9af7ca1d76305c9eb2fb510b7af920659,0,10,14.0,20.0,0,,
0x540878197c890811f3625fbfa29c0fc1d39aed54
0x25082ee392a931861d6d1833d39f2bbfda4d476f,0,0,0,,
0xcbb692030f9e7dd77f794ba8fbe502d4bdd07c96,0,0,0,,
0x1e167fc0b27b14a0d707fba8d5325ca0db28abef,0,1,10.0,10.0,0,,
0xd46a9f85bc59b7ca04756481246086e4b3549db2,0,4,20.0,40.0,0,,
0x385428cd9da2aa94d2aab39f5035990718e18f85,0,1,4.0,4.0,0,,
0xe9cef9fd872a03cedf9d3e6e90309782b3724ea6,11,7.9,8,17.5,1,3.0,3.0,0,,
0x51b62b4bf8df6f2795b3da30cb46aa47f9f230a8,0,1,5.0,5.0,0,,
0x82bf40a9db5a6676963c82c87a90b336c95c361a,6,91.4,5,385.2,0,0,,
0x35f8ff8ee66d948f68997e85ba19342df1a94619,4,191.5,3,103.9,2,2.0,2.0,0,,
0x27f0f640a40fa906bde931d1a5eb298503ab017f,1,99.1,0,423.5,1,10.0,10.0,0,,
0x70ecfb443a06cc70a0a024f1bc704eff3a0af0a0,0,2,3.5,5.0,0,,
0x874028ec344d922a4e5e634ca279b54bfdecf936,0,1,32.0,32.0,0,,
0x33a9bfecf63e33a4c3b7e84a8f7536bd51f04b6d,11,3.1,8,-72.0,1,3.0,3.0,0,,
0x1a99a69d1b8a1434752ea736211d165b664264e1,14,57.5,13,-20.4,2,5.0,5.0,0,,
0x0cb58619f97924977e4abec80650e2a18dabf9a7
0x6b9e4f287d44cea39cd8ccedaa42488617aa21a7,2,0.0,0,3,20.0,40.0,0,,
0xfc7e98005e6a8f5336cd3f719b7c74b959b9f0c5,0,1,10.0,10.0,0,,
0xe9b05bc1fa8684ee3e01460aac2e64c678b9da5d,2,131.5,1,-23.7,2,2.0,2.0,0,,
0xca83349eaee309b8143ab34ce2b33df0a0295bcd
0x9a0bebd9776c9493a4e04ac3c0a6138cad97c8af,3,82.4,2,-27.5,1,7.0,7.0,0,,
0xd8131febccb63c955c6f76a661cdc6080d258129,0,3,6.0,10.0,0,,
0x1495bc81d08817592355f589167d3f8adcdc8601,0,1,2.0,2.0,0,,
0xc1deb2e19f51159ab37938c6a31fd7a5a8e42050,1,154.1,0,269.5,1,10.0,10.0,0,,
0xe86c15f6bf1030e89317363116f28a012451f90c,8,14.2,4,107.1,2,4.0,5.0,0,,
0x422e57362befdba880e8c3c51daff035df2d4fd8,3,17.3,0,53.9,8,9.8,20.0,0,,
0x753c5aece597657994fc8ac4dc7c77a561a03c9b,9,136.3,4,-28.4,1,10.0,10.0,0,,
0x61da130c5e2f2eef04820d4b6b6531a09b8828a9,12,196.8,7,40.6,4,1.2,2.0,0,,
0x227b4434ce08133bcc383ab79d9af483c4103642,0,3,5.0,10.0,0,,
0x7aa69b75cccdfffb38d9ae155712372201ccc285,1,4.7,0,-9.3,4,3.0,3.0,0,,
0x6436cab6df2af2310f3bead54b4e43854fe02c85,7,11.3,5,-62.3,1,2.0,2.0,0,,
0xb7caf868835eac09f4fcb0ab85b942d8722c26de,17,0.0,13,1,2.0,2.0,0,,
0xf78aaf58f56660377cee7b14e5af8ce6c2667ca4,0,1,2.0,2.0,0,,
0x9ac374d7d37c5a25303fbcdd87ece93303927090,0,4,6.2,10.0,0,,
0x3dc63b52e19e710e14750c304f6126fd2f1b129d,0,4,5.8,10.0,0,,
0x8730154f2c794a59cd6adb0d8328a9770c13b616,2,7.2,1,-33.3,5,16.0,40.0,0,,
0xc8a9556508ec672f7c4a1fa2a9edc0326525c310,2,15.5,1,-5.1,3,3.7,5.0,0,,
0x9a9475c48edad42bbaf1c1754149a04b7ab07e1a,0,5,16.0,20.0,0,,
0xbfa75c921dec41be3dc6f5787745c27b85607bb8,0,3,2.0,2.0,0,,
0x9d1792626cc8bfb29acc7e5e7a2f706bb6ada290,6,13.2,4,-12.6,36,4.2,10.0,0,,
0xaebcc707edac413af8782c5bb1a29a6b2d904719
0x44d816f29930b5947e69f73d688e06445f936410
0xee5ce858402125ef8fc6190a4405534420fb061f,4,29.7,3,224.4,1,3.0,3.0,0,,
0xaf42d8e6a313f2061920908dfef7c3771a3f3f59,0,1,4.0,4.0,0,,
0xa9a6860217673439a8bc4f4d94300b9fdcce9981,0,1,15.0,15.0,0,,
0xcfcf7db9024bbb45eba63eb145a2c779e8e8a29d,0,1,10.0,10.0,0,,
0x0fdd5a8d0a9cd0b360a840c064c13d7d38fcc3f2,4,196.2,3,-38.6,2,2.5,3.0,0,,
0x01343e660cd3f1447b5805d3c545920994ee432a,0,0,0,,
0xad73fa90a71c2bf84ee626d9f53869d0bb6a9454,0,2,1.5,2.0,0,,
0x34dff2fd9ab1bfed2e8f308c3eec99e54beb6609,3,102.1,2,-29.3,1,4.0,4.0,0,,
0x8dc34ec570b92888f77adc3edfe74c8e987fb655,11,37.0,9,36.2,1,5.0,5.0,0,,
0xab10fe88ace8bc8113769f510b80bd811d09a5c5,11,183.4,9,5.6,2,17.5,25.0,0,,
0xe48187a5ff791c2061e251d39412ebbe6ea02e3f,4,31.6,1,54.4,9,10.9,40.0,0,,
0x90cdb9fb802ca697f5bf2168d7451b5c9efcbc7d,0,1,10.0,10.0,0,,
0xc44ba8dd1c5ed3268b961d5c4647a61a89384736,0,1,10.0,10.0,0,,
0x92a731a9f93b0136ba2bba33499d27bec04e3484,0,50,8.5,20.0,0,,
0xe291c422870cec3c00ea34136a1b05d9fc7f8164,15,18.7,14,-58.5,1,10.0,10.0,0,,
0xe01bafac0ea5fc3e6e4c06463ddca8424939fb36,0,1,5.0,5.0,0,,
0x83f61fc18d16df1fcc70af418d9817dc13111b9c,0,0,0,,
0x0000fb4e763a5a617e12930c67877e9d25fcf460,3,16.6,1,40.6,1,5.0,5.0,0,,
0x88aa87a2a237612cdd6d250fa12bf36309339b4f
0x2d5535198a200bb6a98747d8302b715ce062823b,2,51.1,1,652.6,1,10.0,10.0,0,,
0x62dfa6eba6a34e55c454894dd9b3e688f88cb09b,4,169.9,2,-38.1,7,8.3,20.0,0,,
0x06657d080b35315a011f60d4c78cb5d599d718a5,1,42.4,0,42.7,1,5.0,5.0,0,,
0x74884168a3b92b537203fc279f0950091eccab3c,0,0,0,,
0x5b34ff6b7a1dce7fb3e53355930dce2c70d1d5c6,1,324.8,0,-33.6,1,2.0,2.0,0,,
0xc237005ba42662fb7615ea9ecb126e3189067171,3,11.0,2,-91.3,1,10.0,10.0,0,,
0xa661070247f053b6c41945ba258de1f33b53eaa5,15,3.1,14,-92.8,2,6.5,10.0,0,,
0x39bfa13b121e254640e36f08947cd2986e4a8927,0,50,8.4,20.0,0,,
0x94da6541dc287909fa4b89cb488c55c5dc5d5904,1,31.7,0,-68.5,1,1.0,1.0,0,,
0xb194fc4b855aae714f50e9a0d7f6b482503cfdb3,0,1,2.0,2.0,0,,
0x9e6028dc97dc4cc49b70551c7215c6543810c6f9,0,2,3.0,3.0,0,,
0x18e41bb2205e0d87ce94474411d49c035c15b062,0,5,5.6,10.0,0,,
0x02a6b7cea5b417f97409b6d878739af4c782dc2e,5,18.7,4,248.8,1,20.0,20.0,0,,
0xe99d7d7f6a3664e19dfb14872d8c81813e15ab33,8,0.1,5,-31.8,6,4.5,10.0,0,,
0x8924880bc278a87acf384495432c2fed46820005,0,0,0,,
0x3dc595e485ff3338cd9299a275b627e721593744,1,82.5,0,24.7,4,4.0,10.0,0,,
0x8c0fc02ee1489d8abcc7cbaacc52d5f5f6486240,2,2.2,1,-37.8,2,6.5,10.0,0,,
0xc8801ffaaa9dfcce7299e7b4eb616741ea01f5de,0,3,10.0,10.0,0,,
0x46b456d23b9328c6020203d9268c83a1fd3006bb,0,2,4.0,5.0,0,,
0xec5cca1f1c077fe9118366437472f40ad504b842
0x4eca8d62e07b3f3e78a8ae8725d4666da324c5a8
0x834e91a47eb57fa4a1d9047fe268de8dddd32c72
0x8c0433ebf782ace63f95ccea4df6f7e395d869bd,15,15.0,13,-62.8,17,4.0,5.0,0,,
0x1c2424869c3b6b05e04237258d764258ca95bfc0,0,50,8.1,20.0,0,,
0x19c18b5e48425ed1d90eb6450a9113bcd65e555f,6,0.1,4,19.6,2,11.0,20.0,0,,
0xf30bcc031848957297966d9cc6a1f8692bfb4fe9,16,2.9,12,61.7,1,40.0,40.0,0,,
0x571dc359fcc6e62a07dde390a4376463af736a76,4,59.2,3,-31.6,2,3.0,3.0,0,,
0x19a837a58f819970a3c044222668ce21ad9fb557,13,20.3,9,249.0,2,5.0,5.0,0,,
0xce11968817773c6c9ffb9726d2dd96069ccc48c7,0,0,0,,
0xf19a8f29096ced385abb7c4930548121c97c8c40,14,109.7,10,82.7,7,3.0,5.0,0,,
0x6de62240b8fec4bc7201b828934efafe9253ef7b,0,50,8.4,20.0,0,,
0xbcb881aa8d0b3e786d00d0ae83c52e0ed078dcc3,11,1.6,8,-13.4,4,7.0,10.0,0,,
0x49d2fe59b3e005a6f89f62253c698ccc1beee440,5,211.4,3,42.0,0,0,,
0x2e161982d86fffe2f7820c4f421217a82f923347,0,0,0,,
0xca33a6d5e5a5279c954cd093089f00f5474fa3ce,0,3,1.7,2.0,0,,
0x3fbb56fc1937c64775621b8d136fc54e68361b5c,0,7,2.0,3.0,0,,
0x48d3faa89163541e82f0811c3f162f52ef7ee219,0,0,0,,
0xbface9fc4cc78c96f88f1e29957cf21328c4c86b,0,0,0,,
0x0383a8d660074a05ec96ff32f34b9b4eff88fe95,0,1,3.0,3.0,0,,
0x1c8d04089a5f7411cf72f3a86dde9d0e6cb0b549,1,19.3,0,-55.0,24,7.2,10.0,0,,
0xb6b109f83ebf8fa1d156fd11d1bc11b6ced5ae3b,1,18.1,0,-20.9,50,8.4,20.0,0,,
0x3308b8f0bf0938128725021d14e39d21744b2a6f
0x2cd9f4645b14bf968212c7c108213eaeb193946e,3,224.8,2,62.1,1,3.0,3.0,0,,
0x5658100de0b998ec3a10240d32912c37bc814011,9,5.2,8,-2.4,0,0,,
0x26a23598f914d7edb9afb0fcab27cf6735648bc2,19,65.4,18,-10.1,2,2.0,2.0,0,,
0x8e1e8c6904f6c9191b5a91e40f18e0065278e010,0,4,6.2,10.0,0,,
0x40f06d99c50c41739513042c1a43df049c4c74c9,2,4.6,1,113.9,0,0,,
0x28f5fd5eb3fa4e76b8563a97c26866d4ffe9a638,3,2.9,2,143.2,1,2.0,2.0,0,,
0xb6c10b308856f56351915ec16bb44b4c7fc718b7,0,1,3.0,3.0,0,,
0x895df88cb83c4ecb4f717768b59c88180dd41698,0,2,1.0,1.0,0,,
0x23e43318cb56c1efca72bc8f2c4ba5ce94d73db1,0,50,8.5,20.0,0,,
0xd1db106c95ebaff9ae45be2eb09128f47d85f217,6,20.8,0,-65.0,1,2.0,2.0,0,,
0x556d539002b19c923a08f664564f2ec6aba5681e,2,169.8,0,287.0,1,5.0,5.0,0,,
0xb65dd7c56afbf3b272ab5fc49be44b47dca18003,9,7.1,3,-36.2,0,0,,
0x8a8a534a3b884f2c7993f31d2932c1421691b167,2,17.1,1,68.0,2,4.0,5.0,0,,
0xfda66c5f67b8d76102c7701a356638884d09340b,0,3,1.0,1.0,0,,
0x1860ca387f185480b1b8a02a3d04b539ad13b16a,19,16.7,18,807.1,1,3.0,3.0,0,,
0x75f0f24a090ee2923b2662d40ca44d14e33faf5e,0,0,0,,
0x277dc85b6c09324d6a0f3bb8f39af3bfbd595df7,0,6,4.2,5.0,0,,
0x7b29f8c0ea709b96b72214b3de5d85c3d9570794,0,3,8.3,10.0,0,,
0xc37b5d9a854de08c5d74522b726c316833e6a047,8,0.1,6,-35.8,3,6.0,10.0,0,,
0xcbdab17337632bc5e0fb509ee570bfcc37d58dcb,0,2,1.0,1.0,0,,
0x095de2cbd07d3da40d51523272fe25509a30524e,0,1,10.0,10.0,0,,
0xe1b7b1ed02ee1d42fe07ea854b7cca6f485a9a83,2,149.5,1,16.9,1,2.0,2.0,0,,
0xf996983c08c770dcd9bd311c43dfcb7f2e107ccd,0,1,10.0,10.0,0,,
0x684063facb99a4d800c5b4abdd7b310f29f5aa2e,0,7,2.0,2.0,0,,
0x4d593ff4cf2e33342e5b3cc90528eb7e0ff45edf,0,1,20.0,20.0,0,,
0x66e4eefbd316cd2633c56302356e47f860fd67d0,11,3.4,7,-22.5,9,8.4,20.0,0,,
0xef4b343fd30210ca3f11d77e9d411c4f0fe9c6dd,0,1,3.0,3.0,0,,
0x429162b37cac9c6535498fac54b3b7d91614ee4f,0,1,40.0,40.0,0,,
0x14052f2848cbcb7a6bfba394a79242d35beac3bf,5,8.7,2,-60.2,2,4.0,5.0,0,,
0xef2ac5c3952a6917396e3a63eac93f4e2c692b42,0,1,3.0,3.0,0,,
0xda4c9db5345f4a4c451dd9349bfcb81869c2c9cc
0x3f57b19e454ceade4a600d48b83112c681d392c7,0,1,1.0,1.0,0,,
0x49320b1ece775f138a9812232a1f1619b8139aae,0,1,5.0,5.0,0,,
0xb1f4fcd61a24aa42d33364020483df15251c1ed6
0xff5b68a52c896f4514f18ed4b174bfc2e72c129c,0,50,8.4,20.0,0,,
0xfd066bf1f3fb650467c28af20894610c4d4798ac,13,19.5,10,-27.4,2,2.0,2.0,0,,
0xa17f5c11aa82798658754a5a563141c535441a79,4,16.9,1,36.9,4,12.5,20.0,0,,
0x25d04f94bbf04d0a08df0ce70e41f70aa5197a2a,0,1,3.0,3.0,0,,
0x86220e221a3facbb2171a3ee5625005292ea053a,4,69.6,3,14.4,6,6.7,10.0,0,,
0x3177050ebd6db5dd920b67cd88d6ccb141f404a7,19,13.2,18,-1.4,1,10.0,10.0,0,,
0x0427453e5fdbc8e49e1a938cde70499dabc8891e,1,213.6,0,-47.3,1,10.0,10.0,0,,
0x91b5dc8c6885281fdd924050f4233c394e5e94a6,1,15.3,0,67.9,1,10.0,10.0,0,,
0xc38973b429d4e9ad1ba5dff73d82b0f4a0e45b65,18,38.0,15,540.6,1,10.0,10.0,0,,
0xa9062f5ba14189e0740eae6724357f5800cefc67,0,1,5.0,5.0,0,,
0x505c9d3b44299b73569ef983859b635565e9bb2f,0,1,10.0,10.0,0,,
0xd53494f7d2d58a24e9a8fa8af94b6e2f3e36fa62,2,82.3,1,1.1,2,10.0,10.0,0,,
0x2f0d360d090e6cbdb0116b26a492399c226741cd,3,5.4,0,-1.8,2,9.0,10.0,0,,
0x1ca4bb50569dc4135ead955a91f9d76191c27966,0,0,0,,
0xe2177c0a52309e7b2653acabc8fdec2537464711
0xa38b0eb2f350aef9471549c985f12eb17bfe81e9,4,10.4,3,1.9,13,8.6,20.0,0,,
0x44559ff923abe1024e42b2706f361948ba20bd8e,0,1,3.0,3.0,0,,
0x53cfc31f4fcdf3f57bb5be07bf6bf169139d711e,8,4.4,4,-40.7,1,3.0,3.0,0,,
0x03a011cd0c745553df4f7a8521ede9070ff428ed
0x50697973667aa463485f77bd517ea45de7ec7a35,0,1,10.0,10.0,0,,
0x1325b85665da4dc99835bcbbebd78aa0c56caae1,0,5,9.2,20.0,0,,
0xd23d4eeabf2aa1e1afc90e457b47b694fb0cc467,13,74.0,10,2.2,7,3.1,5.0,0,,
0x27248b275cf67f689a0b0a83a91412f601333038,6,41.3,3,28.1,4,15.0,40.0,0,,
0x9e1bdea81888704c1ae586d918942abd30fbed20,6,10.0,2,-87.1,8,7.0,10.0,0,,
0x49945c479264fcbbe89b63b5ddc18f103f776d4c,0,2,7.5,10.0,0,,
0xcd8eb9db7612098101c528cbabcc9a0e029c2869,7,206.8,6,-51.2,1,2.0,2.0,0,,
0x8b48164e552e722b682c16626fa6ba1004417d85,0,1,40.0,40.0,0,,
0x217d452b93dd9d369d4242c744da5484e59db312,4,0.1,1,-36.7,3,6.0,10.0,0,,
0xae9de986cce6221db04b37ae69e9a1725703930b,0,1,12.0,12.0,0,,
0x5671e2f805f76a71046ca1a12b2d8010339e215a,0,0,0,,
0x01463943c5138068eafbd4e499f5c2bb1a8f6929,0,50,8.4,20.0,0,,
0xc846e513f1fb448e744d5c8e911e87bccc0dfb20,0,1,3.0,3.0,0,,
0xb82cb76979449f0ecec7b4bde83682a0e7195d32,5,18.6,2,2.6,2,1.5,2.0,0,,
0x8f92b115eb56e863ab0ff20d2eff850a5cb22b28,6,43.7,2,1.4,4,23.8,40.0,0,,
0xb99e1acc3c49904fab9e4bb1c2ccf83d9a72fbcd,0,3,23.3,40.0,0,,
0xf10915d7d84f046afea3342a23b23747f2273281,0,50,8.4,20.0,0,,
0x973f1c26fe6394ddcfd181f38f8e1f0ce8aa7d9b,12,18.9,7,78.4,2,4.0,5.0,0,,
0xa0e5fc41faeb462febaeceda38220ef6b11f6bb6,0,50,8.4,20.0,0,,
0x3f8793d2a0ec69f0bae47140886039a4dc63a960
0x8480d5d1ed866dcc7d6fed0052af47b4a5033760
0xdbea0f1d234240e8f8a884cf0461371b3ec2dbcc,1,2.9,0,189.3,3,6.3,10.0,0,,
0x0b1c3722b601d811edc9fff00320a33cb78d83f0,0,0,0,,
0xc6063185d9afc1e9197a2ac4fb22051f05035010,0,0,0,,
0xacec8c1dc15bb2d8785d4521382374a53d5f62c5,0,11,3.6,5.0,0,,
0xd7fcef68dd72b3c205e4e410023dceab1db9b281,17,0.0,15,1,10.0,10.0,0,,
0xb50d1b5ffbe05387357561afc1127f829b024c02,1,96.6,0,-14.5,1,1.0,1.0,0,,
0x1457978fb96b0190c8ea7d168d0155d77bd6ce57,0,0,0,,
0x01c6f3abf9fa9ef044312485f9b79f65141a49e0,12,13.1,11,43.9,1,5.0,5.0,0,,
0xd00306a33881d78f5391dfbd31ade7213234b667,0,50,8.4,20.0,0,,
0x252efe7cdcd64986cd00dbcf0f84d63d82595b78,0,50,8.4,20.0,0,,
0x4255355de386657783fcc10e23ba92fe67991e12,18,0.7,10,-61.7,23,8.0,20.0,0,,
0x180aaeaa1f90818c211aac06399f0eee16e8c395,1,46.7,0,-75.0,0,0,,
0x6cd41a6418ddd8251eaaf41eb136b5359a115ca0,12,6.9,5,-32.6,3,25.0,40.0,0,,
0x73f79ea920e9ec8144428637f9f6a92a9c7f1072,0,50,8.4,20.0,0,,
0x64954f83cdd59bac72a932d33f2844a27949d4cd,13,208.9,8,-87.3,3,8.7,20.0,0,,
0x39a25b5281b1433f6bf1e1dad3f6f1c21fdc480d,0,2,21.5,40.0,0,,
0x3ad3bc5d50cf9dfca348236348e8361dd645634e,2,34.1,1,1.2,2,4.0,5.0,0,,
0xf7777776a5d9f35688e799fda8e8ec5987344372,2,209.1,1,27.0,0,0,,
0x786779fb080e13cab4823b93270e46eeb72f8e61,0,1,1.0,1.0,0,,
0x811f50c19e82e365d8e9e030994e3c1d375ab87b,0,2,7.5,10.0,0,,
0x61100690c228ce49481199d8757478061f0506c4,1,121.6,0,59.2,0,0,,
0x38168d9bafac5f8fbf0bae0caef58cdbae167458,1,0.0,0,-72.0,50,8.4,20.0,0,,
0xf95d03aad477e1be3b2840dc7e19da99ebcb39e2,10,9.2,7,-74.2,1,5.0,5.0,0,,
0x56211df4951e86c487b58f1599355faa3840a185,0,1,10.0,10.0,0,,
0x5d8809340760b1bb54642be91bb5a2871c0d7a10,0,1,9.0,9.0,0,,
0x4f468c65fb3438f94c7864914bce4bc5dd6bd156,7,3.0,4,-83.4,1,3.0,3.0,0,,
0x1e67df1e608e030e07a050608b1a49e47fd8161d,2,103.5,0,-80.4,1,5.0,5.0,0,,
0xc5f4dcb9fad08f391899714a603d48160a1ddff0,8,18.5,5,-12.0,3,5.0,10.0,0,,
0x178f639a89797fab52dd5cfcaddd383a563ffb78,0,2,6.5,10.0,0,,
0xa4f59cb283f23a8427e9e78e3882b4d2a1ce771b,0,50,8.4,20.0,0,,
0x94609b233460b4cc0ccbceecd25f24a5979c33ce,0,4,8.8,10.0,0,,
0xb277557f3f7e174e90b13efd00cd236c1b6e7f9b,0,1,1.0,1.0,0,,
0x7c1e72688fe698bfeb2b700f966dcd9a9bf61327,0,3,18.3,25.0,0,,
0x26287ce16c3e3a2f099c24212e8fc8c118d4abeb,0,0,0,,
0x9a15342876e19052c3fabcef9bad8507b9623c12,1,0.6,0,6.9,5,3.4,5.0,0,,
0x4eec3fb628250887e55a1b24c0a9de3e00d079cf,0,2,4.0,5.0,0,,
0x6d8dcc469649d000b09f07c04b656c234535dd78,0,50,8.4,20.0,0,,
0xcc954a4a8d580c1a0bd35ddd208c47a9ece0743c,0,1,2.0,2.0,0,,
0xbdf1df422955592a0b905927d10feddc58ae82b2
0x169808b1a452278b05f1dd285e86a6df03c8f931,0,50,8.4,20.0,0,,
0xc1fe0d30082394e181d83ecff547b365b352e701,2,37.5,0,-75.7,4,8.8,10.0,0,,
0x51ce8b659edfd3ae25228a131da344ac4e75939a,0,50,8.4,20.0,0,,
0x777033483320b30958fc70c44d865dc0c5f9b1c7,0,1,3.0,3.0,0,,
0x6139192a58152932e6f8052ef0de2ad197fb1937,17,8.4,14,949.3,0,0,,
0xdb32e78a28c49a106311401d38b47d6324f55762,0,50,8.4,20.0,0,,
0x2a165bcf4a725627a9669c7308dbdd64ddfd5d8a,0,1,5.0,5.0,0,,
0x552398406eaf406c6a9a52c7d7d3c601e588dc98,0,7,1.0,1.0,0,,
0x5b134297a8999e4838091aec51dd6729862dec0d,2,53.6,1,56.7,2,9.0,10.0,0,,
0x845e081600e5176b512912869abd86d449dd920d,0,50,8.4,20.0,0,,
0xbd9054cc7b3b51010eea4f456c649639386998cf,0,50,8.4,20.0,0,,
0xfb6c0c36e6e1266e32cfd807b027a3c5a7ec4ec1,0,2,7.5,10.0,0,,
0xf293f548824e918e8eff42d09f8a9c64956a0a24,0,3,5.0,6.0,0,,
0x4a2ff3b1dfab6be1759ddbee4e0a0e2e04fac363,7,40.6,6,-77.1,2,7.5,10.0,0,,
0xe6b4ff836bdadb3246204238dc495bd13712a91b,0,7,7.4,10.0,0,,
0xa83b22373f53b777e3755972f72dd7ef0ffcdf16,0,50,8.4,20.0,0,,
0xffce2c2d59f30f26ba8b4b1c980480f12a245047,5,176.1,3,0,0,,
0x78bc9f762f452c36893e343585f41844d61b7d2d,0,50,8.4,20.0,0,,
0x9a0e0723962b39a9c22873ddaf25aa5894ab1fc9,0,0,0,,
0xb261d0ed770107d45f17a94aa99070125f0bc857
0xfa70378ee299370db4c4438bd9074e32cdb0b7fe,1,72.6,0,42.9,0,0,,
0xf8db89e8ad19172aa3338bd9f3752970c23c51e8,0,50,8.4,20.0,0,,
0x623c6637c36768b3f1f8a929ae7a348e7b52f3f1,4,5.1,2,-72.2,0,0,,
0xaf8c133eab62af773ca995dd7b6bf603994d9e3e,0,50,8.4,20.0,0,,
0x841c39dbf5506f53bc1d5ab241926952e888d8e0,16,60.1,14,113.6,0,0,,
0xc4c3a6dce3de0053ebdb3c9de3fcd495e815f8cd,0,50,8.4,20.0,0,,
0x03d161dc865b5740049bdfa7e436e692010c009b,0,50,8.4,20.0,0,,
0xb56259099bb3b8d9bfc1a596eccd785514e203fe,1,18.0,0,-2.5,50,8.4,20.0,0,,
0x7cf9f8d8015f76b21c0b7be1b7c2293ceeda09bc,0,35,7.5,10.0,0,,
0xf6d9347e460b94b6c6cba23e2892bc58db53b7b8,0,50,8.8,40.0,0,,
0x95f4a85cebf6c6f076b1c2fc1b0ccf7b02216200,0,50,8.4,20.0,0,,
0xe36f0fe9c5a0e974661880ac0a22b96ab759ff7c,0,50,8.4,20.0,0,,
0xfeb501b357a69f6143627ca869d648d87b8f6a52,0,50,8.4,20.0,0,,
0x9bd1c83e442d41301657749c111cfbac249603ce,0,1,2.0,2.0,0,,
0xaa2f7251fde83c28fe88d94c4ea0595ded9c6a8a,0,50,8.4,20.0,0,,
0x0aa0294821996cf52b54ce1131e138955504fd49,0,50,8.4,20.0,0,,
0x8bc494b9d6773357aa6d828a7a0b0bb120f64ab3,0,50,8.4,20.0,0,,
0x0272ec6b528511f6d6d10f034df8eab8ec2e6fec,13,63.4,8,-34.4,7,8.6,15.0,0,,
0x2dbd087943c4dfada9c0054169f3decb31dd5537,0,1,3.0,3.0,0,,
0xcf8462b20a088c2dc1ceffded9dff13a74b3f581,1,286.7,0,-38.4,0,0,,
0x1c7d32678518075c706d9a95fd3e3ec170dae996,0,50,8.4,20.0,0,,
0xb693650df458c5e93939d8dd3e7b847527b55397,0,50,8.4,20.0,0,,
0xd2de400adb92e17ea0ac9763110a41ca05908e2e,1,208.5,0,125.4,3,2.3,3.0,0,,
0x09581f01d8ce45c07f31908ac9eec8a87fe32cf0
0xd42350dfad9884113f21109b5a7a6736fb4d50c3,1,167.4,0,-28.4,1,4.0,4.0,0,,
0x0087188d27ac73b715ad38dff9b99554861a2b55,0,1,3.0,3.0,0,,
0xd3f11e695f6a9a44251db2419ac07e06f2d147bb,0,50,8.4,20.0,0,,
0xead6bd310e7ce9d0af0a875604db0cfb8389227c,6,11.4,2,410.7,0,0,,
0x95e22863784982ca00a78230f762c57aa708fb18,0,50,8.4,20.0,0,,
0x159aac99694e83e7f654490d622606fa7ea8dc18,0,50,8.4,20.0,0,,
0xf7d72d9d3d5b985854e2a917c0c5bcc365235c85,0,50,8.4,20.0,0,,
0x017ddfd4c44ee369ebced68db13358c015e9a42d,10,4.4,6,-47.3,2,7.5,10.0,0,,
0xbb49379ed8c9fac2462964f1ba8369807576026e,2,219.9,0,417.3,1,5.0,5.0,0,,
0x4ff0ef015cb0d6dfcb515928c3af90d0c78923be,0,50,8.4,20.0,0,,
0x9b3fa10e6ab8b3a5d45837872ec704042cc6e72d,0,50,8.4,20.0,0,,
0xeafeb427766b867ce019333936285a5a9febd739,0,3,6.0,10.0,0,,
0x739899b4698e931b688b3d3e5017c2f96c7f0104,0,1,1.0,1.0,0,,
0xc57bb2800701c9ee216f89cf5ced46f9cf10d43d,0,50,8.3,20.0,0,,
0x92a28954d0070cc18cdaa9858cd13ee7c403c6c9,1,21.3,0,138.1,2,9.0,9.0,0,,
0xd78cd65249312f285f654c7bc2b4ef8525a61a6d,1,18.1,0,-0.1,50,8.4,20.0,0,,
0xd6bbf742fbefc7d310655db245daead6890f5b25,0,50,8.4,20.0,0,,
0x5f3f530aae8cd83c2893ddf786f188fe6785c42f,0,50,8.4,20.0,0,,
0x3edd28f48a005d1a0553cac5acf94837c3cba246,0,50,8.4,20.0,0,,
0x1518ff8f921ae7b04c39805bcb026672978b794d
0x6e059a3888693d22b8eb2f4a5aea22e79cba6753,0,50,8.4,20.0,0,,
0x490e2115c2071c9ad708d29f2f45d8b3052abfa1,0,50,8.4,20.0,0,,
0xf1f9df50ef19b8bea97eed77ecd9910dbf3da8d9,0,50,8.4,20.0,0,,
0xb7521e69a6fec90bd77486ebc1b937aa9b2f61e6,0,50,8.4,20.0,0,,
0xcab2012bdf78cdd530d89f2a53db0e99b8fff133,0,50,8.4,20.0,0,,
0xcbf906603f3f2b690af4f337cda2d5dc153dffdc,0,50,8.4,20.0,0,,
0xee4c37db3ff4d72de3b320f620511292301546ae,0,50,8.4,20.0,0,,
0x8be60bbb99e58a249e3508c1f233ec5c52a2ec64,0,50,8.4,20.0,0,,
0x85f16abbcac279e4941bdad2918380a4ea7d5177,0,50,8.4,20.0,0,,
0x4e052b55ae13329c2a30ffbead79d8ed7a1c589a,0,50,8.4,20.0,0,,
0x4f4735c42aa93b3cfc22c640c00c68280fc21ba3,0,50,8.4,20.0,0,,
0x9a65acfd0090335fd11df34b053ef1dadec04f19,0,50,8.4,20.0,0,,
0x414daa657f09f26d827b81b1b1a40b48295499e4,0,50,8.4,20.0,0,,
0xddde1879a13ff291fd67c5c13764f9d25f96437a,0,2,15.0,20.0,0,,
0x9cca2921be00f6ce8bd015e5eb14d0b0c5d6ea68,0,50,8.4,20.0,0,,
0xfa1690f2778f1f78c24da9f33eb63c8965293e84
0x731039ef915a9b767e87f56bbcddc12b5f95db45,0,0,0,,
0x2cbcf58deb9e8b912dee56d7ebe0f1ba91df42d7
0xf413d9313d3b72e9a80fe9ee6b7639048fc1f1f6,0,50,8.4,20.0,0,,
0xb5f4c49fc359093f80c63656bf2ab45837f12983,0,50,8.4,20.0,0,,
0xe3d15a3f0a678ac862ca79e9c3e66de5714846c1,4,0.7,2,-76.3,53,2.0,2.0,0,,
0x42ebc46c56103852655138bad8304b6f36aeda36,15,46.8,9,68.0,1,1.0,1.0,0,,
0xbb0489043f9bf0e1f6533a416379008e1a675b52,0,50,8.4,20.0,0,,
0x1c1fcc4aa6452690ab326163ce8d8140a8ea54b9,0,50,8.4,20.0,0,,
0x8e89841f27d053be5485d6213479addc236d3998,1,9.8,0,160.8,3,16.7,20.0,0,,
0xe8666462b415dd0c7f29e45d1a30fbf189ce986f,0,50,8.4,20.0,0,,
0x8ee2998b11fca3443260a03ee155e8ba355d3f02,1,118.2,0,-76.4,1,1.0,1.0,0,,
0x42563fae0bac6f1dcfac4e7439a1c3bed3af213f,0,50,8.4,20.0,0,,
0xe52608ed87b064f299d2bf1fbd67d28598a293fe,17,0.9,12,997.5,5,19.0,40.0,0,,
0x901f12bb9a059a8ce6f37a570f691dd29620a815,0,50,8.4,20.0,0,,
0x28c14b65a624474e2e2c6ea1fbacc2d47763ae90,0,50,8.4,20.0,0,,
0x8b307dab8d1f020db2b660aa83dda8d752b093ec,0,50,8.4,20.0,0,,
0xbe9e8ce5fe1f5acd3a319ccc51dc2d45d8eae6d6,0,50,8.4,20.0,0,,
0x005e26458a139267bbb194a9e049ad9df0a4d5f2,0,50,8.4,20.0,0,,
0x51549a360cf6c8bcb383d82a904501fcb4ba701a,1,1.0,0,9.9,50,8.4,20.0,0,,
0x02ddf94cd67f436eca466b84788af6c6dffb82e5
0x2d20298d1bc0e853912e53b85139e79bc9a9629d,0,50,8.4,20.0,0,,
0xced291e04e66eaf884f625ad104e987a9162296a,0,50,8.4,20.0,0,,
0x942258a5fbdfd04ff5d06a15d2c983a017cc5a5f
0xcbbc9f1240237e4c0d42ccc86ff74974d50856c2,0,50,8.4,20.0,0,,
0x842feac8a8022c2ff91c4e0165316852a6e28e6f,0,50,8.4,20.0,0,,
0xc2d3b53c345143d4bce3d90a1af6aa56294b9e8d,0,50,8.4,20.0,0,,
0x52ab774d661f56227bbe289ec5a8c85dacbfb563,0,50,8.4,20.0,0,,
0xdf1244d3dd1158d48c38ef1fcd8bfab16c669ce7,0,50,8.4,20.0,0,,
0xaa7c996a8c698579c17b065af01b5aaaaff35aa3,0,50,8.4,20.0,0,,
0xeec4c61d8c35cadfae8a7da6ce05b496e9867b75,0,50,8.4,20.0,0,,
0x92d3102e1ffaaced6baec91e938f041b3b96925d,0,50,8.4,20.0,0,,
0xc0b72fde780eb25ed9fbe996da8c72ace543ff9a,0,50,8.4,20.0,0,,
0x02b177e2f922a33241520accdf7deee15d1311da,0,50,8.4,20.0,0,,
0xa030779804c096635c17126b7676a4b5fffbfb65,0,0,0,,
0x6c288ac48823e14f29a8b4fa7587917c07101d13,0,50,8.4,20.0,0,,
0x8522b73b203cf1b1f71b530c1f0f1b41a319d6f1,1,57.4,0,52.0,50,8.4,20.0,0,,
0xbd9caa595254aa2e0ca94f1af0829faf802d819c,0,50,8.4,20.0,0,,
0x4c091046ea580c159c9e1df40b35bc77490ed638,1,52.7,0,-23.4,50,8.4,20.0,0,,
0xc54dc46ee304ca73d685e78bde6718588d796bee,0,50,8.4,20.0,0,,
0x91fc8c24de2ce3150ad489fb8b7e9b9aa3edaaf2,0,1,20.0,20.0,0,,
0x5d54bbff4d76fe5c9abf0dd2874dfb39608c5f19,0,50,8.4,20.0,0,,
0xee7116fa8fc33e143b306b3ad3ef3241e6cc7a0f
0x8eceb2045904e70327e0459e1721df36b963716a
0x43b3a716bf6bb325619c6fffa5c45535b5dbeb65,0,50,8.4,20.0,0,,
0xa323438a5f17b476359eda8ae35da07536394aa0,1,62.0,0,-31.4,0,0,,
0xa580d19c21b3db7c8e816755939d968146c95bdc,0,50,8.4,20.0,0,,
0xa774415a657f98b79ae7cf445b36f9ed9ef03168,1,54.1,0,-19.4,50,8.4,20.0,0,,
0x49bb6cc7ca918e6e37500444af16520cb33d6f4d,0,50,8.4,20.0,0,,
0x3a6ef05a35c5e872c515a1d72841b017b6669f22,0,50,8.4,20.0,0,,
0xb69b51c7ef48bd9939d6d979af50346e250c8cf6,0,50,8.4,20.0,0,,
0xbe74e8e6fa8f47cf01d9a6c9f6cf4458720ffc33,11,5.4,8,14.2,10,6.6,10.0,0,,
0x3f372a274c90ac07b35741110f9634b728181c85,0,50,8.4,20.0,0,,
0xa85ee7159f6aad52cc8456e17d796ecc1f1a0a03,0,50,8.4,20.0,0,,
0x24414ef9c8f27aa9f5807198154ad086a91b99df,0,50,8.4,20.0,0,,
0x96cf7f163099d292e8c8ebeec6aaff9b807f9175,0,50,8.4,20.0,0,,
0x3cf013171284928af67fcd49644096594f77c4e3,0,50,8.4,20.0,0,,
0xf73f55409ef8643172df07743f5e00a8ad671eb1,0,50,8.4,20.0,0,,
0xed056c02f1e5e88e846205fde069df7bcda3a975,0,50,8.4,20.0,0,,
